Cell IdX,Cell IdY,Cell IdZ,Voxel IdX,Voxel IdY,Voxel IdZ,X [mm],Y [mm],Z [mm],Dose [Gy],FieldScalingFactor
1,0,0,4,0,4,-6.5,-22.5,-24.5,0,0.810179
1,0,0,8,6,9,-2.5,-16.5,-19.5,1.19708e-06,0.604579
1,0,0,0,5,2,-10.5,-17.5,-26.5,0,0.88724
1,0,0,1,4,8,-9.5,-18.5,-20.5,0,0.641741
1,0,0,9,0,2,-1.5,-22.5,-26.5,0,0.89582
1,0,0,8,3,8,-2.5,-19.5,-20.5,2.87807e-07,0.646969
1,0,0,2,3,6,-8.5,-19.5,-22.5,0,0.724918
1,0,0,9,7,3,-1.5,-15.5,-25.5,6.90893e-07,0.850208
1,0,0,1,8,7,-9.5,-14.5,-21.5,2.97371e-07,0.67943
1,0,0,6,6,3,-4.5,-16.5,-25.5,1.37807e-06,0.849986
1,0,0,7,3,0,-3.5,-19.5,-28.5,0,0.978278
1,0,0,2,9,2,-8.5,-13.5,-26.5,4.41747e-07,0.885954
1,0,0,5,3,0,-5.5,-19.5,-28.5,0,0.977215
1,0,0,9,5,9,-1.5,-17.5,-19.5,3.77335e-07,0.605506
1,0,0,6,8,6,-4.5,-14.5,-22.5,8.46665e-07,0.724281
1,0,0,5,7,0,-5.5,-15.5,-28.5,2.92669e-07,0.97442
1,0,0,9,3,5,-1.5,-19.5,-23.5,3.15699e-07,0.770038
1,0,0,9,2,9,-1.5,-20.5,-19.5,0,0.607088
1,0,0,7,8,4,-3.5,-14.5,-24.5,1.74936e-06,0.807183
1,0,0,2,6,0,-8.5,-16.5,-28.5,0,0.972786
1,0,0,0,5,0,-10.5,-17.5,-28.5,0,0.971296
1,0,0,5,9,8,-5.5,-13.5,-20.5,1.31398e-06,0.641116
1,0,0,3,8,8,-7.5,-14.5,-20.5,6.54928e-07,0.640636
1,0,0,4,7,9,-6.5,-15.5,-19.5,1.1639e-06,0.601787
1,0,0,9,4,0,-1.5,-18.5,-28.5,8.40736e-07,0.978312
1,0,0,2,6,9,-8.5,-16.5,-19.5,0,0.600912
1,0,0,0,6,4,-10.5,-16.5,-24.5,0,0.803289
1,0,0,5,9,2,-5.5,-13.5,-26.5,5.62239e-07,0.888392
1,0,0,4,1,1,-6.5,-21.5,-27.5,0,0.935174
1,0,0,3,8,2,-7.5,-14.5,-26.5,5.05607e-07,0.887893
1,0,0,2,0,1,-8.5,-22.5,-27.5,0,0.933696
1,0,0,1,2,6,-9.5,-20.5,-22.5,0,0.724347
1,0,0,7,3,5,-3.5,-19.5,-23.5,0,0.769464
1,0,0,2,5,5,-8.5,-17.5,-23.5,1.81457e-07,0.76487
1,0,0,7,8,3,-3.5,-14.5,-25.5,1.45178e-06,0.848714
1,0,0,2,1,1,-8.5,-21.5,-27.5,0,0.933418
1,0,0,7,8,5,-3.5,-14.5,-23.5,7.10497e-08,0.765857
1,0,0,2,6,1,-8.5,-16.5,-27.5,0,0.930644
1,0,0,8,1,6,-2.5,-21.5,-22.5,0,0.729466
1,0,0,3,4,5,-7.5,-18.5,-23.5,0,0.766412
1,0,0,5,9,3,-5.5,-13.5,-25.5,8.87923e-07,0.846669
1,0,0,2,8,9,-8.5,-14.5,-19.5,5.22264e-07,0.599245
1,0,0,3,8,5,-7.5,-14.5,-23.5,6.79479e-07,0.763349
1,0,0,2,0,8,-8.5,-22.5,-20.5,0,0.644336
1,0,0,5,4,3,-5.5,-18.5,-25.5,0,0.850779
1,0,0,5,9,7,-5.5,-13.5,-21.5,9.03264e-07,0.681822
1,0,0,1,2,9,-9.5,-20.5,-19.5,0,0.602195
1,0,0,3,8,9,-7.5,-14.5,-19.5,8.04526e-07,0.600132
1,0,0,7,2,7,-3.5,-20.5,-21.5,0,0.68782
1,0,0,3,5,0,-7.5,-17.5,-28.5,0,0.974472
1,0,0,7,7,2,-3.5,-15.5,-26.5,1.19798e-06,0.89137
1,0,0,2,5,2,-8.5,-17.5,-26.5,0,0.889445
1,0,0,2,8,4,-8.5,-14.5,-24.5,4.90629e-07,0.803742
1,0,0,0,4,2,-10.5,-18.5,-26.5,0,0.887882
1,0,0,7,3,9,-3.5,-19.5,-19.5,1.98716e-08,0.606089
1,0,0,0,5,6,-10.5,-17.5,-22.5,5.62433e-08,0.721606
1,0,0,8,8,4,-2.5,-14.5,-24.5,1.14121e-06,0.807528
1,0,0,4,0,2,-6.5,-22.5,-26.5,0,0.893487
1,0,0,1,7,8,-9.5,-15.5,-20.5,1.42653e-07,0.639622
1,0,0,7,6,0,-3.5,-16.5,-28.5,1.46319e-07,0.97632
1,0,0,8,4,1,-2.5,-18.5,-27.5,2.15619e-07,0.935897
1,0,0,7,8,8,-3.5,-14.5,-20.5,1.15422e-06,0.643095
1,0,0,9,6,1,-1.5,-16.5,-27.5,8.54674e-07,0.934743
1,0,0,7,5,1,-3.5,-17.5,-27.5,8.23447e-08,0.934895
1,0,0,6,2,7,-4.5,-20.5,-21.5,2.1928e-07,0.687368
1,0,0,3,3,4,-7.5,-19.5,-24.5,0,0.808286
1,0,0,2,2,6,-8.5,-20.5,-22.5,0,0.725365
1,0,0,1,6,3,-9.5,-16.5,-25.5,0,0.845946
1,0,0,2,1,6,-8.5,-21.5,-22.5,0,0.725723
1,0,0,6,1,3,-4.5,-21.5,-25.5,1.95909e-07,0.852728
1,0,0,3,0,6,-7.5,-22.5,-22.5,0,0.726898
1,0,0,1,4,7,-9.5,-18.5,-21.5,0,0.682452
1,0,0,6,4,1,-4.5,-18.5,-27.5,1.17352e-07,0.935074
1,0,0,7,7,9,-3.5,-15.5,-19.5,1.97e-06,0.603454
1,0,0,6,6,6,-4.5,-16.5,-22.5,9.56622e-07,0.725982
1,0,0,6,7,7,-4.5,-15.5,-21.5,1.33039e-06,0.684253
1,0,0,6,9,5,-4.5,-13.5,-23.5,1.11038e-06,0.764408
1,0,0,9,1,8,-1.5,-21.5,-20.5,0,0.647991
1,0,0,4,8,5,-6.5,-14.5,-23.5,7.53535e-07,0.764146
1,0,0,7,0,8,-3.5,-22.5,-20.5,0,0.647694
1,0,0,4,6,9,-6.5,-16.5,-19.5,1.28934e-06,0.602577
1,0,0,2,2,9,-8.5,-20.5,-19.5,0,0.603194
1,0,0,5,0,7,-5.5,-22.5,-21.5,0,0.687428
1,0,0,0,1,9,-10.5,-21.5,-19.5,0,0.601437
1,0,0,0,3,1,-10.5,-19.5,-27.5,0,0.930365
1,0,0,8,3,6,-2.5,-19.5,-22.5,1.39228e-07,0.728659
1,0,0,6,2,2,-4.5,-20.5,-26.5,0,0.894124
1,0,0,4,9,5,-6.5,-13.5,-23.5,1.32099e-06,0.763155
1,0,0,5,1,7,-5.5,-21.5,-21.5,0,0.68716
1,0,0,0,8,0,-10.5,-14.5,-28.5,1.00356e-07,0.968784
1,0,0,3,0,7,-7.5,-22.5,-21.5,0,0.685963
1,0,0,9,6,8,-1.5,-16.5,-20.5,5.7637e-07,0.645337
1,0,0,8,8,6,-2.5,-14.5,-22.5,9.11856e-07,0.725075
1,0,0,3,3,5,-7.5,-19.5,-23.5,0,0.766953
1,0,0,1,1,1,-9.5,-21.5,-27.5,0,0.932366
1,0,0,0,7,7,-10.5,-15.5,-21.5,0,0.679196
1,0,0,3,0,9,-7.5,-22.5,-19.5,0,0.604697
1,0,0,4,8,1,-6.5,-14.5,-27.5,5.02516e-07,0.930639
1,0,0,4,3,7,-6.5,-19.5,-21.5,0,0.685684
1,0,0,8,7,2,-2.5,-15.5,-26.5,6.57018e-07,0.891721
1,0,0,7,5,2,-3.5,-17.5,-26.5,1.62439e-07,0.892934
1,0,0,9,1,2,-1.5,-21.5,-26.5,0,0.895544
1,0,0,2,6,2,-8.5,-16.5,-26.5,0,0.88871
1,0,0,2,7,8,-8.5,-15.5,-20.5,1.28374e-07,0.640626
1,0,0,7,4,3,-3.5,-18.5,-25.5,1.53495e-07,0.85182
1,0,0,2,6,4,-8.5,-16.5,-24.5,1.08057e-07,0.805465
1,0,0,4,8,7,-6.5,-14.5,-21.5,1.27531e-06,0.682126
1,0,0,3,2,6,-7.5,-20.5,-22.5,1.41107e-07,0.726271
1,0,0,3,5,4,-7.5,-17.5,-24.5,8.22786e-08,0.807107
1,0,0,7,1,2,-3.5,-21.5,-26.5,0,0.894958
1,0,0,8,3,0,-2.5,-19.5,-28.5,0,0.978633
1,0,0,6,2,0,-4.5,-20.5,-28.5,0,0.978271
1,0,0,4,3,4,-6.5,-19.5,-24.5,0,0.80909
1,0,0,6,4,7,-4.5,-18.5,-21.5,2.59672e-07,0.686389
1,0,0,7,1,4,-3.5,-21.5,-24.5,0,0.811631
1,0,0,8,7,5,-2.5,-15.5,-23.5,7.69057e-07,0.767102
1,0,0,0,8,1,-10.5,-14.5,-27.5,5.44864e-08,0.926668
1,0,0,3,0,4,-7.5,-22.5,-24.5,0,0.809375
1,0,0,5,4,5,-5.5,-18.5,-23.5,0,0.767895
1,0,0,2,6,3,-8.5,-16.5,-25.5,0,0.846984
1,0,0,6,4,9,-4.5,-18.5,-19.5,5.4107e-07,0.605117
1,0,0,3,4,0,-7.5,-18.5,-28.5,1.65301e-08,0.975124
1,0,0,1,9,7,-9.5,-13.5,-21.5,4.1303e-07,0.678453
1,0,0,5,5,9,-5.5,-17.5,-19.5,1.4443e-07,0.603946
1,0,0,6,4,3,-4.5,-18.5,-25.5,1.16246e-08,0.851357
1,0,0,1,8,4,-9.5,-14.5,-24.5,2.95585e-07,0.802712
1,0,0,4,8,8,-6.5,-14.5,-20.5,1.6076e-06,0.641418
1,0,0,9,1,5,-1.5,-21.5,-23.5,0,0.77085
1,0,0,2,8,2,-8.5,-14.5,-26.5,6.39009e-07,0.886965
1,0,0,4,8,2,-6.5,-14.5,-26.5,8.27239e-07,0.888706
1,0,0,7,5,5,-3.5,-17.5,-23.5,3.23977e-07,0.768291
1,0,0,2,9,6,-8.5,-13.5,-22.5,4.72688e-07,0.720354
1,0,0,0,8,8,-10.5,-14.5,-20.5,9.15557e-08,0.637624
1,0,0,0,0,2,-10.5,-22.5,-26.5,0,0.889535
1,0,0,3,2,7,-7.5,-20.5,-21.5,0,0.685341
1,0,0,0,7,5,-10.5,-15.5,-23.5,0,0.761178
1,0,0,8,0,3,-2.5,-22.5,-25.5,0,0.853814
1,0,0,7,1,3,-3.5,-21.5,-25.5,1.16373e-07,0.853191
1,0,0,4,0,9,-6.5,-22.5,-19.5,1.47456e-07,0.605475
1,0,0,9,5,0,-1.5,-17.5,-28.5,2.89046e-07,0.977659
1,0,0,9,6,4,-1.5,-16.5,-24.5,1.52818e-06,0.809484
1,0,0,1,9,2,-9.5,-13.5,-26.5,1.878e-07,0.88491
1,0,0,8,9,7,-2.5,-13.5,-21.5,1.27651e-06,0.683174
1,0,0,8,0,0,-2.5,-22.5,-28.5,0,0.979753
1,0,0,9,8,7,-1.5,-14.5,-21.5,6.44702e-07,0.68438
1,0,0,9,2,0,-1.5,-20.5,-28.5,5.6386e-08,0.979338
1,0,0,4,7,1,-6.5,-15.5,-27.5,1.90727e-07,0.931565
1,0,0,1,9,1,-9.5,-13.5,-27.5,1.62809e-07,0.926819
1,0,0,6,1,2,-4.5,-21.5,-26.5,0,0.894492
1,0,0,9,7,0,-1.5,-15.5,-28.5,2.17621e-07,0.976074
1,0,0,1,4,1,-9.5,-18.5,-27.5,2.20617e-07,0.930979
1,0,0,4,2,6,-6.5,-20.5,-22.5,0,0.727064
1,0,0,7,3,2,-3.5,-19.5,-26.5,0,0.89413
1,0,0,5,2,2,-5.5,-20.5,-26.5,0,0.893541
1,0,0,6,1,0,-4.5,-21.5,-28.5,0,0.978644
1,0,0,4,0,0,-6.5,-22.5,-28.5,0,0.977626
1,0,0,2,1,8,-8.5,-21.5,-20.5,0,0.644071
1,0,0,3,3,6,-7.5,-19.5,-22.5,3.60713e-07,0.725823
1,0,0,0,1,7,-10.5,-21.5,-21.5,0,0.682661
1,0,0,8,9,2,-2.5,-13.5,-26.5,5.74501e-07,0.889789
1,0,0,6,5,5,-4.5,-17.5,-23.5,3.44899e-07,0.767834
1,0,0,4,3,8,-6.5,-19.5,-20.5,1.04705e-07,0.644952
1,0,0,9,8,2,-1.5,-14.5,-26.5,8.49689e-07,0.891035
1,0,0,8,0,1,-2.5,-22.5,-27.5,0,0.937564
1,0,0,9,8,4,-1.5,-14.5,-24.5,1.4124e-06,0.80776
1,0,0,0,8,3,-10.5,-14.5,-25.5,0,0.843061
1,0,0,4,9,4,-6.5,-13.5,-24.5,6.15192e-07,0.804463
1,0,0,1,4,6,-9.5,-18.5,-22.5,0,0.723363
1,0,0,4,2,8,-6.5,-20.5,-20.5,0,0.645394
1,0,0,1,2,3,-9.5,-20.5,-25.5,0,0.848319
1,0,0,8,5,1,-2.5,-17.5,-27.5,2.27439e-07,0.935248
1,0,0,7,3,3,-3.5,-19.5,-25.5,0,0.852369
1,0,0,7,6,1,-3.5,-16.5,-27.5,4.99634e-07,0.934155
1,0,0,2,3,8,-8.5,-19.5,-20.5,2.18432e-08,0.643276
1,0,0,8,1,5,-2.5,-21.5,-23.5,4.06969e-08,0.77062
1,0,0,4,2,3,-6.5,-20.5,-25.5,0,0.85109
1,0,0,8,5,5,-2.5,-17.5,-23.5,8.60387e-07,0.768635
1,0,0,7,1,7,-3.5,-21.5,-21.5,0,0.688176
1,0,0,5,0,9,-5.5,-22.5,-19.5,0,0.606142
1,0,0,0,6,7,-10.5,-16.5,-21.5,0,0.679996
1,0,0,7,6,5,-3.5,-16.5,-23.5,1.54361e-06,0.76757
1,0,0,5,8,8,-5.5,-14.5,-20.5,1.67298e-06,0.642088
1,0,0,0,1,2,-10.5,-21.5,-26.5,0,0.889259
1,0,0,5,1,9,-5.5,-21.5,-19.5,0,0.605878
1,0,0,0,2,9,-10.5,-20.5,-19.5,0,0.601086
1,0,0,8,3,7,-2.5,-19.5,-21.5,0,0.687714
1,0,0,0,2,2,-10.5,-20.5,-26.5,4.3841e-08,0.888892
1,0,0,9,8,5,-1.5,-14.5,-23.5,9.90279e-07,0.76643
1,0,0,8,0,7,-2.5,-22.5,-21.5,0,0.688783
1,0,0,7,9,9,-3.5,-13.5,-19.5,1.00456e-06,0.60161
1,0,0,4,6,3,-6.5,-16.5,-25.5,6.23384e-07,0.848715
1,0,0,1,1,2,-9.5,-21.5,-26.5,1.72991e-08,0.890421
1,0,0,2,8,6,-8.5,-14.5,-22.5,5.56143e-07,0.721338
1,0,0,4,7,2,-6.5,-15.5,-26.5,5.55491e-07,0.889625
1,0,0,1,9,6,-9.5,-13.5,-22.5,4.77271e-07,0.719338
1,0,0,0,1,5,-10.5,-21.5,-23.5,0,0.764688
1,0,0,4,4,2,-6.5,-18.5,-26.5,0,0.891832
1,0,0,9,7,1,-1.5,-15.5,-27.5,3.56715e-07,0.93391
1,0,0,9,9,9,-1.5,-13.5,-19.5,1.36332e-06,0.602168
1,0,0,3,1,3,-7.5,-21.5,-25.5,0,0.850646
1,0,0,8,3,2,-2.5,-19.5,-26.5,0,0.894481
1,0,0,1,0,5,-9.5,-22.5,-23.5,0,0.766097
1,0,0,8,3,4,-2.5,-19.5,-24.5,2.1171e-07,0.81116
1,0,0,4,4,6,-6.5,-18.5,-22.5,1.33627e-07,0.726079
1,0,0,4,9,1,-6.5,-13.5,-27.5,7.07258e-07,0.929622
1,0,0,0,2,5,-10.5,-20.5,-23.5,0,0.764328
1,0,0,3,0,3,-7.5,-22.5,-25.5,0,0.85092
1,0,0,9,2,4,-1.5,-20.5,-24.5,3.54283e-07,0.811846
1,0,0,4,8,6,-6.5,-14.5,-22.5,1.52247e-06,0.723035
1,0,0,1,1,3,-9.5,-21.5,-25.5,0,0.848684
1,0,0,0,7,3,-10.5,-15.5,-25.5,0,0.843973
1,0,0,0,6,0,-10.5,-16.5,-28.5,0,0.970552
1,0,0,9,9,4,-1.5,-13.5,-24.5,9.29428e-07,0.806761
1,0,0,8,0,2,-2.5,-22.5,-26.5,0,0.895585
1,0,0,9,7,8,-1.5,-15.5,-20.5,9.03231e-07,0.644541
1,0,0,8,5,6,-2.5,-17.5,-22.5,4.99969e-07,0.727494
1,0,0,8,9,6,-2.5,-13.5,-22.5,1.24158e-06,0.72409
1,0,0,9,1,0,-1.5,-21.5,-28.5,0,0.979711
1,0,0,4,2,0,-6.5,-20.5,-28.5,0,0.976974
1,0,0,9,2,3,-1.5,-20.5,-25.5,0,0.853407
1,0,0,2,4,4,-8.5,-18.5,-24.5,0,0.806825
1,0,0,0,5,8,-10.5,-17.5,-20.5,0,0.640007
1,0,0,0,7,0,-10.5,-15.5,-28.5,0,0.969714
1,0,0,1,5,4,-9.5,-17.5,-24.5,0,0.805159
1,0,0,2,2,0,-8.5,-20.5,-28.5,0,0.975207
1,0,0,1,6,0,-9.5,-16.5,-28.5,0,0.971727
1,0,0,8,5,9,-2.5,-17.5,-19.5,5.85531e-07,0.605282
1,0,0,5,2,9,-5.5,-20.5,-19.5,1.66219e-07,0.605527
1,0,0,6,6,9,-4.5,-16.5,-19.5,6.457e-07,0.603799
1,0,0,9,4,7,-1.5,-18.5,-21.5,6.47951e-07,0.687406
1,0,0,8,6,8,-2.5,-16.5,-20.5,1.01839e-06,0.645112
1,0,0,2,4,3,-8.5,-18.5,-25.5,0,0.848353
1,0,0,9,4,9,-1.5,-18.5,-19.5,1.46832e-07,0.606121
1,0,0,5,7,9,-5.5,-15.5,-19.5,1.32855e-06,0.602453
1,0,0,6,0,1,-4.5,-22.5,-27.5,0,0.936741
1,0,0,6,5,7,-4.5,-17.5,-21.5,1.69422e-07,0.685766
1,0,0,5,1,1,-5.5,-21.5,-27.5,0,0.935877
1,0,0,5,5,1,-5.5,-17.5,-27.5,1.33027e-07,0.93384
1,0,0,3,6,5,-7.5,-16.5,-23.5,7.67044e-08,0.765061
1,0,0,9,6,3,-1.5,-16.5,-25.5,1.69774e-06,0.851031
1,0,0,9,8,1,-1.5,-14.5,-27.5,4.99744e-07,0.932984
1,0,0,5,0,1,-5.5,-22.5,-27.5,0,0.936155
1,0,0,4,6,7,-6.5,-16.5,-21.5,2.50294e-07,0.683816
1,0,0,5,6,5,-5.5,-16.5,-23.5,8.87561e-07,0.766542
1,0,0,1,6,5,-9.5,-16.5,-23.5,3.62849e-08,0.763126
1,0,0,0,4,5,-10.5,-18.5,-23.5,5.58463e-08,0.763338
1,0,0,4,9,2,-6.5,-13.5,-26.5,9.14392e-07,0.887695
1,0,0,7,1,1,-3.5,-21.5,-27.5,0,0.936933
1,0,0,8,5,4,-2.5,-17.5,-24.5,3.3202e-07,0.809979
1,0,0,2,2,1,-8.5,-20.5,-27.5,0,0.933048
1,0,0,9,8,6,-1.5,-14.5,-22.5,7.6022e-07,0.725304
1,0,0,9,4,4,-1.5,-18.5,-24.5,7.07924e-07,0.810846
1,0,0,5,2,1,-5.5,-20.5,-27.5,0,0.935507
1,0,0,7,5,8,-3.5,-17.5,-20.5,8.00147e-07,0.645482
1,0,0,9,7,5,-1.5,-15.5,-23.5,1.11112e-06,0.767332
1,0,0,7,7,0,-3.5,-15.5,-28.5,7.36019e-07,0.975482
1,0,0,5,6,0,-5.5,-16.5,-28.5,1.4481e-07,0.975258
1,0,0,3,3,3,-7.5,-19.5,-25.5,0,0.849825
1,0,0,4,9,3,-6.5,-13.5,-25.5,1.04867e-06,0.845976
1,0,0,9,5,4,-1.5,-17.5,-24.5,2.52862e-07,0.810211
1,0,0,9,8,8,-1.5,-14.5,-20.5,1.14707e-06,0.643657
1,0,0,5,8,7,-5.5,-14.5,-21.5,1.22136e-06,0.682801
1,0,0,0,9,9,-10.5,-13.5,-19.5,4.04579e-07,0.596176
1,0,0,5,8,3,-5.5,-14.5,-25.5,5.12747e-07,0.847673
1,0,0,4,0,6,-6.5,-22.5,-22.5,3.77169e-09,0.727691
1,0,0,0,0,0,-10.5,-22.5,-28.5,3.01698e-07,0.973621
1,0,0,9,4,5,-1.5,-18.5,-23.5,6.14328e-07,0.769496
1,0,0,7,9,8,-3.5,-13.5,-20.5,7.19091e-07,0.642123
1,0,0,5,2,6,-5.5,-20.5,-22.5,0,0.727744
1,0,0,0,9,3,-10.5,-13.5,-25.5,0,0.842058
1,0,0,3,1,6,-7.5,-21.5,-22.5,0,0.726629
1,0,0,1,8,9,-9.5,-14.5,-19.5,8.18396e-07,0.598248
1,0,0,9,3,0,-1.5,-19.5,-28.5,1.84849e-07,0.978871
1,0,0,1,6,1,-9.5,-16.5,-27.5,0,0.929592
1,0,0,2,2,4,-8.5,-20.5,-24.5,0,0.807822
1,0,0,0,3,8,-10.5,-19.5,-20.5,0,0.641155
1,0,0,4,5,1,-6.5,-17.5,-27.5,1.15569e-08,0.933138
1,0,0,3,9,9,-7.5,-13.5,-19.5,2.14147e-06,0.599167
1,0,0,7,6,7,-3.5,-16.5,-21.5,1.55364e-06,0.685505
1,0,0,5,6,2,-5.5,-16.5,-26.5,9.80902e-07,0.89115
1,0,0,5,5,5,-5.5,-17.5,-23.5,1.9773e-07,0.767263
1,0,0,2,2,5,-8.5,-20.5,-23.5,0,0.766492
1,0,0,5,8,2,-5.5,-14.5,-26.5,1.00285e-06,0.889403
1,0,0,8,2,1,-2.5,-20.5,-27.5,0,0.936916
1,0,0,5,7,1,-5.5,-15.5,-27.5,7.38264e-07,0.932267
1,0,0,3,6,1,-7.5,-16.5,-27.5,0,0.931579
1,0,0,5,4,1,-5.5,-18.5,-27.5,2.31513e-07,0.934488
1,0,0,6,5,8,-4.5,-17.5,-20.5,3.36977e-07,0.645034
1,0,0,2,4,7,-8.5,-18.5,-21.5,0,0.683463
1,0,0,6,0,2,-4.5,-22.5,-26.5,0,0.894768
1,0,0,4,5,8,-6.5,-17.5,-20.5,0,0.643803
1,0,0,4,3,3,-6.5,-19.5,-25.5,0,0.850633
1,0,0,6,1,8,-4.5,-21.5,-20.5,0,0.646979
1,0,0,9,7,6,-1.5,-15.5,-22.5,3.27542e-07,0.7262
1,0,0,5,7,6,-5.5,-15.5,-22.5,9.51065e-07,0.724609
1,0,0,2,5,7,-8.5,-17.5,-21.5,0,0.682841
1,0,0,5,7,8,-5.5,-15.5,-20.5,1.29226e-06,0.642972
1,0,0,4,5,6,-6.5,-17.5,-22.5,5.62603e-07,0.725452
1,0,0,6,3,0,-4.5,-19.5,-28.5,0,0.977805
1,0,0,8,2,8,-2.5,-20.5,-20.5,2.13206e-07,0.647411
1,0,0,1,6,7,-9.5,-16.5,-21.5,3.62941e-08,0.681118
1,0,0,2,6,6,-8.5,-16.5,-22.5,0,0.723039
1,0,0,5,8,1,-5.5,-14.5,-27.5,1.08855e-06,0.931341
1,0,0,6,2,8,-4.5,-20.5,-20.5,0,0.646626
1,0,0,9,0,8,-1.5,-22.5,-20.5,0,0.648257
1,0,0,8,5,7,-2.5,-17.5,-21.5,6.29102e-07,0.686556
1,0,0,3,6,3,-7.5,-16.5,-25.5,4.29514e-07,0.847907
1,0,0,6,5,2,-4.5,-17.5,-26.5,3.7467e-07,0.892468
1,0,0,1,7,7,-9.5,-15.5,-21.5,9.57745e-08,0.680319
1,0,0,7,9,3,-3.5,-13.5,-25.5,7.33615e-07,0.847709
1,0,0,7,1,8,-3.5,-21.5,-20.5,2.5168e-08,0.647428
1,0,0,2,3,1,-8.5,-19.5,-27.5,0,0.932586
1,0,0,0,2,1,-10.5,-20.5,-27.5,1.68918e-07,0.930827
1,0,0,2,2,8,-8.5,-20.5,-20.5,0,0.643718
1,0,0,5,4,7,-5.5,-18.5,-21.5,3.92216e-07,0.685825
1,0,0,3,4,2,-7.5,-18.5,-26.5,0,0.891018
1,0,0,4,5,2,-6.5,-17.5,-26.5,0,0.891188
1,0,0,7,7,7,-3.5,-15.5,-21.5,1.46483e-06,0.684704
1,0,0,7,0,4,-3.5,-22.5,-24.5,0,0.811904
1,0,0,4,5,4,-6.5,-17.5,-24.5,3.96922e-07,0.80791
1,0,0,2,1,4,-8.5,-21.5,-24.5,7.80307e-08,0.808185
1,0,0,6,7,9,-4.5,-15.5,-19.5,9.52185e-07,0.603009
1,0,0,4,8,0,-6.5,-14.5,-28.5,2.93383e-07,0.972782
1,0,0,5,0,2,-5.5,-22.5,-26.5,0,0.894185
1,0,0,3,7,4,-7.5,-15.5,-24.5,5.02197e-07,0.805565
1,0,0,8,6,2,-2.5,-16.5,-26.5,1.97041e-07,0.892549
1,0,0,2,6,8,-8.5,-16.5,-20.5,1.48689e-07,0.641421
1,0,0,7,9,6,-3.5,-13.5,-22.5,6.66462e-07,0.723749
1,0,0,6,1,5,-4.5,-21.5,-23.5,0,0.769818
1,0,0,5,8,6,-5.5,-14.5,-22.5,9.88091e-07,0.723714
1,0,0,4,0,5,-6.5,-22.5,-23.5,0,0.768833
1,0,0,0,6,2,-10.5,-16.5,-26.5,0,0.886505
1,0,0,2,0,0,-8.5,-22.5,-28.5,0,0.975858
1,0,0,5,2,5,-5.5,-20.5,-23.5,0,0.768886
1,0,0,6,6,5,-4.5,-16.5,-23.5,1.19192e-06,0.767113
1,0,0,9,0,3,-1.5,-22.5,-25.5,0,0.854048
1,0,0,3,7,5,-7.5,-15.5,-23.5,2.02829e-07,0.76425
1,0,0,2,6,7,-8.5,-16.5,-21.5,1.20969e-07,0.682129
1,0,0,0,3,6,-10.5,-19.5,-22.5,1.88686e-08,0.722769
1,0,0,7,9,7,-3.5,-13.5,-21.5,1.13237e-06,0.682836
1,0,0,6,7,4,-4.5,-15.5,-24.5,1.75792e-06,0.80763
1,0,0,5,8,9,-5.5,-14.5,-19.5,1.52366e-06,0.601575
1,0,0,3,5,7,-7.5,-17.5,-21.5,1.46063e-07,0.68374
1,0,0,3,4,3,-7.5,-18.5,-25.5,0,0.849277
1,0,0,3,5,9,-7.5,-17.5,-19.5,1.56818e-07,0.602502
1,0,0,1,4,3,-9.5,-18.5,-25.5,0,0.847315
1,0,0,0,9,2,-10.5,-13.5,-26.5,0,0.883751
1,0,0,3,7,1,-7.5,-15.5,-27.5,0,0.930746
1,0,0,3,9,7,-7.5,-13.5,-21.5,8.70011e-07,0.680361
1,0,0,8,1,0,-2.5,-21.5,-28.5,1.44755e-07,0.979473
1,0,0,7,1,9,-3.5,-21.5,-19.5,0,0.60688
1,0,0,8,6,0,-2.5,-16.5,-28.5,1.34016e-07,0.976675
1,0,0,6,6,0,-4.5,-16.5,-28.5,1.10684e-07,0.975848
1,0,0,7,3,1,-3.5,-19.5,-27.5,0,0.936099
1,0,0,5,4,4,-5.5,-18.5,-24.5,0,0.809234
1,0,0,5,8,4,-5.5,-14.5,-24.5,1.12341e-06,0.806149
1,0,0,7,5,0,-3.5,-17.5,-28.5,6.41793e-09,0.977066
1,0,0,5,4,0,-5.5,-18.5,-28.5,0,0.976656
1,0,0,2,0,6,-8.5,-22.5,-22.5,0,0.725992
1,0,0,1,2,7,-9.5,-20.5,-21.5,0,0.683429
1,0,0,1,6,6,-9.5,-16.5,-22.5,0,0.722021
1,0,0,3,7,8,-7.5,-15.5,-20.5,6.8742e-07,0.641519
1,0,0,5,5,4,-5.5,-17.5,-24.5,1.41244e-07,0.808599
1,0,0,1,8,3,-9.5,-14.5,-25.5,4.05603e-07,0.844213
1,0,0,3,9,8,-7.5,-13.5,-20.5,1.25383e-06,0.639664
1,0,0,9,4,1,-1.5,-18.5,-27.5,7.8331e-07,0.936133
1,0,0,7,3,8,-3.5,-19.5,-20.5,0,0.646632
1,0,0,7,9,4,-3.5,-13.5,-24.5,9.35031e-07,0.806185
1,0,0,5,2,8,-5.5,-20.5,-20.5,7.11247e-08,0.646066
1,0,0,2,7,0,-8.5,-15.5,-28.5,2.74699e-08,0.971948
1,0,0,3,2,8,-7.5,-20.5,-20.5,0,0.644612
1,0,0,9,5,5,-1.5,-17.5,-23.5,4.95929e-07,0.768865
1,0,0,0,1,8,-10.5,-21.5,-20.5,0,0.641949
1,0,0,0,0,4,-10.5,-22.5,-24.5,0,0.806278
1,0,0,3,7,6,-7.5,-15.5,-22.5,3.67326e-07,0.723138
1,0,0,7,4,1,-3.5,-18.5,-27.5,5.56139e-08,0.935544
1,0,0,8,8,7,-2.5,-14.5,-21.5,1.17985e-06,0.684153
1,0,0,3,9,3,-7.5,-13.5,-25.5,8.69604e-07,0.845169
1,0,0,7,6,3,-3.5,-16.5,-25.5,6.22448e-07,0.850449
1,0,0,2,0,9,-8.5,-22.5,-19.5,0,0.603808
1,0,0,8,7,1,-2.5,-15.5,-27.5,6.12747e-07,0.933674
1,0,0,6,6,1,-4.5,-16.5,-27.5,8.25327e-07,0.933685
1,0,0,0,0,3,-10.5,-22.5,-25.5,0,0.847803
1,0,0,7,0,1,-3.5,-22.5,-27.5,2.43368e-08,0.937211
1,0,0,5,3,6,-5.5,-19.5,-22.5,0,0.727296
1,0,0,9,9,3,-1.5,-13.5,-25.5,3.14099e-07,0.848289
1,0,0,3,7,9,-7.5,-15.5,-19.5,3.74364e-07,0.60101
1,0,0,1,6,9,-9.5,-16.5,-19.5,0,0.599915
1,0,0,6,8,9,-4.5,-14.5,-19.5,5.43342e-07,0.602131
1,0,0,7,3,7,-3.5,-19.5,-21.5,0,0.687374
1,0,0,4,8,4,-6.5,-14.5,-24.5,9.6922e-07,0.805461
1,0,0,1,8,0,-9.5,-14.5,-28.5,1.79496e-07,0.969959
1,0,0,2,1,7,-8.5,-21.5,-21.5,0,0.684797
1,0,0,1,7,9,-9.5,-15.5,-19.5,0,0.599125
1,0,0,0,5,7,-10.5,-17.5,-21.5,0,0.680706
1,0,0,8,7,6,-2.5,-15.5,-22.5,2.44936e-06,0.725971
1,0,0,5,3,9,-5.5,-19.5,-19.5,0,0.605087
1,0,0,3,2,9,-7.5,-20.5,-19.5,0,0.604082
1,0,0,9,6,6,-1.5,-16.5,-22.5,5.26164e-07,0.727006
1,0,0,8,8,1,-2.5,-14.5,-27.5,6.40989e-07,0.932748
1,0,0,1,2,4,-9.5,-20.5,-24.5,0,0.80679
1,0,0,6,1,4,-4.5,-21.5,-24.5,0,0.811171
1,0,0,1,8,1,-9.5,-14.5,-27.5,1.06269e-07,0.927835
1,0,0,0,4,3,-10.5,-18.5,-25.5,0,0.846162
1,0,0,8,9,0,-2.5,-13.5,-28.5,3.02485e-07,0.973879
1,0,0,6,6,4,-4.5,-16.5,-24.5,1.38358e-06,0.808447
1,0,0,8,4,0,-2.5,-18.5,-28.5,2.52496e-08,0.978074
1,0,0,4,2,4,-6.5,-20.5,-24.5,0,0.809543
1,0,0,7,0,2,-3.5,-22.5,-26.5,0,0.895235
1,0,0,4,7,8,-6.5,-15.5,-20.5,7.52014e-07,0.642301
1,0,0,5,7,4,-5.5,-15.5,-24.5,6.02198e-07,0.807056
1,0,0,1,7,4,-9.5,-15.5,-24.5,2.96599e-07,0.803618
1,0,0,0,9,7,-10.5,-13.5,-21.5,1.25649e-07,0.677331
1,0,0,3,0,8,-7.5,-22.5,-20.5,8.81732e-08,0.64523
1,0,0,3,4,8,-7.5,-18.5,-20.5,1.86725e-08,0.64364
1,0,0,8,2,2,-2.5,-20.5,-26.5,1.07588e-07,0.894941
1,0,0,1,7,5,-9.5,-15.5,-23.5,2.08501e-08,0.762315
1,0,0,7,0,5,-3.5,-22.5,-23.5,0,0.770547
1,0,0,2,8,5,-8.5,-14.5,-23.5,2.40981e-07,0.762439
1,0,0,6,3,2,-4.5,-19.5,-26.5,1.39934e-07,0.893664
1,0,0,3,4,9,-7.5,-18.5,-19.5,9.00796e-08,0.603117
1,0,0,4,4,1,-6.5,-18.5,-27.5,0,0.933786
1,0,0,5,0,3,-5.5,-22.5,-25.5,0,0.852423
1,0,0,0,2,4,-10.5,-20.5,-24.5,0,0.805644
1,0,0,4,7,7,-6.5,-15.5,-21.5,1.43927e-06,0.683015
1,0,0,7,5,7,-3.5,-17.5,-21.5,5.93953e-07,0.686217
1,0,0,6,2,5,-4.5,-20.5,-23.5,0,0.769458
1,0,0,2,8,8,-8.5,-14.5,-20.5,8.88923e-07,0.639743
1,0,0,3,9,6,-7.5,-13.5,-22.5,9.01058e-07,0.721259
1,0,0,5,9,6,-5.5,-13.5,-22.5,5.1587e-07,0.722729
1,0,0,8,4,2,-2.5,-18.5,-26.5,1.38172e-08,0.893929
1,0,0,5,5,7,-5.5,-17.5,-21.5,2.37611e-07,0.685203
1,0,0,6,3,5,-4.5,-19.5,-23.5,0,0.769006
1,0,0,9,1,3,-1.5,-21.5,-25.5,0,0.853773
1,0,0,0,9,4,-10.5,-13.5,-24.5,1.45142e-08,0.80057
1,0,0,2,7,9,-8.5,-15.5,-19.5,3.0291e-07,0.600123
1,0,0,4,3,9,-6.5,-19.5,-19.5,0,0.604421
1,0,0,1,1,6,-9.5,-21.5,-22.5,0,0.724705
1,0,0,0,7,4,-10.5,-15.5,-24.5,0,0.802473
1,0,0,3,1,9,-7.5,-21.5,-19.5,0,0.604433
1,0,0,1,7,0,-9.5,-15.5,-28.5,0,0.97089
1,0,0,1,0,9,-9.5,-22.5,-19.5,0,0.602809
1,0,0,3,9,2,-7.5,-13.5,-26.5,6.34032e-07,0.886882
1,0,0,9,1,7,-1.5,-21.5,-21.5,9.72497e-08,0.688743
1,0,0,7,5,4,-3.5,-17.5,-24.5,4.86757e-07,0.809633
1,0,0,3,3,1,-7.5,-19.5,-27.5,0,0.933522
1,0,0,1,2,1,-9.5,-20.5,-27.5,1.44966e-07,0.931996
1,0,0,9,6,7,-1.5,-16.5,-21.5,5.96338e-07,0.686071
1,0,0,1,9,8,-9.5,-13.5,-20.5,7.77349e-07,0.637768
1,0,0,4,4,4,-6.5,-18.5,-24.5,0,0.808545
1,0,0,8,9,1,-2.5,-13.5,-27.5,3.48321e-07,0.93173
1,0,0,5,5,2,-5.5,-17.5,-26.5,2.90391e-07,0.891886
1,0,0,8,0,4,-2.5,-22.5,-24.5,0,0.81225
1,0,0,2,8,7,-8.5,-14.5,-21.5,5.60059e-07,0.68044
1,0,0,6,9,1,-4.5,-13.5,-27.5,2.149e-07,0.930909
1,0,0,3,5,5,-7.5,-17.5,-23.5,6.77191e-08,0.765782
1,0,0,3,9,5,-7.5,-13.5,-23.5,5.32239e-07,0.762358
1,0,0,1,9,9,-9.5,-13.5,-19.5,2.68255e-07,0.597283
1,0,0,7,8,1,-3.5,-14.5,-27.5,1.48497e-07,0.932396
1,0,0,6,0,4,-4.5,-22.5,-24.5,0,0.811443
1,0,0,4,0,3,-6.5,-22.5,-25.5,0,0.851729
1,0,0,6,5,4,-4.5,-17.5,-24.5,1.74812e-07,0.809173
1,0,0,8,9,8,-2.5,-13.5,-20.5,8.78507e-07,0.642459
1,0,0,1,5,3,-9.5,-17.5,-25.5,0,0.846676
1,0,0,8,0,5,-2.5,-22.5,-23.5,0,0.770891
1,0,0,1,4,0,-9.5,-18.5,-28.5,2.24805e-07,0.973124
1,0,0,0,3,5,-10.5,-19.5,-23.5,0,0.763878
1,0,0,3,3,7,-7.5,-19.5,-21.5,0,0.684896
1,0,0,6,9,8,-4.5,-13.5,-20.5,1.42427e-06,0.641675
1,0,0,9,9,6,-1.5,-13.5,-22.5,1.07517e-06,0.724318
1,0,0,9,6,5,-1.5,-16.5,-23.5,2.90133e-07,0.768143
1,0,0,1,5,0,-9.5,-17.5,-28.5,0,0.972472
1,0,0,6,7,6,-4.5,-15.5,-22.5,1.23854e-06,0.725176
1,0,0,4,3,6,-6.5,-19.5,-22.5,9.67964e-08,0.726616
1,0,0,3,9,0,-7.5,-13.5,-28.5,9.06133e-07,0.970934
1,0,0,2,1,2,-8.5,-21.5,-26.5,0,0.891467
1,0,0,0,6,6,-10.5,-16.5,-22.5,0,0.720891
1,0,0,0,8,4,-10.5,-14.5,-24.5,0,0.801567
1,0,0,1,6,2,-9.5,-16.5,-26.5,0,0.887666
1,0,0,0,4,0,-10.5,-18.5,-28.5,0,0.971947
1,0,0,9,5,1,-1.5,-17.5,-27.5,3.92791e-07,0.935484
1,0,0,9,4,8,-1.5,-18.5,-20.5,2.00663e-07,0.646664
1,0,0,7,9,5,-3.5,-13.5,-23.5,5.70888e-07,0.764865
1,0,0,2,7,1,-8.5,-15.5,-27.5,0,0.929811
1,0,0,3,3,2,-7.5,-19.5,-26.5,0,0.891569
1,0,0,1,7,2,-9.5,-15.5,-26.5,4.08861e-08,0.886839
1,0,0,0,2,8,-10.5,-20.5,-20.5,0,0.641596
1,0,0,0,8,5,-10.5,-14.5,-23.5,0,0.760278
1,0,0,0,4,1,-10.5,-18.5,-27.5,0,0.92981
1,0,0,6,9,9,-4.5,-13.5,-19.5,1.20313e-06,0.601165
1,0,0,9,6,0,-1.5,-16.5,-28.5,3.55391e-07,0.976913
1,0,0,9,9,7,-1.5,-13.5,-21.5,1.0031e-06,0.683401
1,0,0,7,8,7,-3.5,-14.5,-21.5,1.33774e-06,0.683814
1,0,0,4,0,1,-6.5,-22.5,-27.5,0,0.935452
1,0,0,6,4,6,-4.5,-18.5,-22.5,1.82373e-07,0.727326
1,0,0,7,0,3,-3.5,-22.5,-25.5,6.24741e-08,0.853466
1,0,0,8,4,6,-2.5,-18.5,-22.5,2.31427e-07,0.728122
1,0,0,2,9,0,-8.5,-13.5,-28.5,6.95174e-07,0.969993
1,0,0,2,1,3,-8.5,-21.5,-25.5,0,0.849723
1,0,0,0,2,7,-10.5,-20.5,-21.5,0,0.682305
1,0,0,5,6,1,-5.5,-16.5,-27.5,4.03717e-07,0.9331
1,0,0,1,1,9,-9.5,-21.5,-19.5,0,0.602546
1,0,0,6,3,8,-4.5,-19.5,-20.5,0,0.646183
1,0,0,2,2,3,-8.5,-20.5,-25.5,0,0.849357
1,0,0,0,1,3,-10.5,-21.5,-25.5,1.08666e-07,0.84753
1,0,0,7,6,8,-3.5,-16.5,-20.5,9.51853e-07,0.644775
1,0,0,1,0,7,-9.5,-22.5,-21.5,0,0.684051
1,0,0,6,4,8,-4.5,-18.5,-20.5,3.83179e-07,0.645653
1,0,0,5,8,5,-5.5,-14.5,-23.5,1.41246e-06,0.76483
1,0,0,4,0,8,-6.5,-22.5,-20.5,1.0423e-08,0.646013
1,0,0,2,1,0,-8.5,-21.5,-28.5,0,0.975579
1,0,0,3,6,8,-7.5,-16.5,-20.5,3.7207e-07,0.642314
1,0,0,8,8,8,-2.5,-14.5,-20.5,9.28203e-07,0.643432
1,0,0,0,7,2,-10.5,-15.5,-26.5,0,0.885679
1,0,0,6,2,4,-4.5,-20.5,-24.5,0,0.810807
1,0,0,3,0,0,-7.5,-22.5,-28.5,0,0.976801
1,0,0,3,9,1,-7.5,-13.5,-27.5,6.84973e-07,0.928804
1,0,0,3,5,8,-7.5,-17.5,-20.5,4.10566e-08,0.643021
1,0,0,7,2,8,-3.5,-20.5,-20.5,0,0.647074
1,0,0,5,1,2,-5.5,-21.5,-26.5,0,0.893909
1,0,0,3,7,0,-7.5,-15.5,-28.5,4.85951e-08,0.972889
1,0,0,2,5,6,-8.5,-17.5,-22.5,3.16577e-08,0.723754
1,0,0,1,3,0,-9.5,-19.5,-28.5,0,0.973682
1,0,0,1,1,4,-9.5,-21.5,-24.5,0,0.807153
1,0,0,6,1,6,-4.5,-21.5,-22.5,0,0.72867
1,0,0,2,3,2,-8.5,-19.5,-26.5,0,0.89064
1,0,0,2,4,9,-8.5,-18.5,-19.5,0,0.602229
1,0,0,2,7,2,-8.5,-15.5,-26.5,0,0.887883
1,0,0,6,0,7,-4.5,-22.5,-21.5,1.44181e-07,0.687991
1,0,0,2,4,2,-8.5,-18.5,-26.5,0,0.890088
1,0,0,1,5,2,-9.5,-17.5,-26.5,0,0.8884
1,0,0,4,9,6,-6.5,-13.5,-22.5,3.20544e-07,0.72205
1,0,0,7,1,5,-3.5,-21.5,-23.5,9.48582e-08,0.770276
1,0,0,0,8,6,-10.5,-14.5,-22.5,0,0.719192
1,0,0,4,7,3,-6.5,-15.5,-25.5,1.1339e-06,0.847893
1,0,0,3,0,5,-7.5,-22.5,-23.5,0,0.768034
1,0,0,2,6,5,-8.5,-16.5,-23.5,0,0.76415
1,0,0,5,6,3,-5.5,-16.5,-25.5,9.8757e-07,0.849408
1,0,0,3,5,3,-7.5,-17.5,-25.5,0,0.848638
1,0,0,4,2,1,-6.5,-20.5,-27.5,0,0.934804
1,0,0,7,0,7,-3.5,-22.5,-21.5,0,0.688443
1,0,0,9,2,5,-1.5,-20.5,-23.5,5.54691e-07,0.770489
1,0,0,4,9,8,-6.5,-13.5,-20.5,8.70483e-07,0.640446
1,0,0,0,9,8,-10.5,-13.5,-20.5,2.17155e-07,0.636654
1,0,0,8,5,2,-2.5,-17.5,-26.5,1.83332e-07,0.893285
1,0,0,5,4,8,-5.5,-18.5,-20.5,1.97072e-07,0.645093
1,0,0,7,2,3,-3.5,-20.5,-25.5,0,0.852826
1,0,0,8,6,6,-2.5,-16.5,-22.5,1.32096e-06,0.726777
1,0,0,2,3,3,-8.5,-19.5,-25.5,0,0.848901
1,0,0,7,1,0,-3.5,-21.5,-28.5,0,0.979117
1,0,0,2,3,5,-8.5,-19.5,-23.5,0,0.766042
1,0,0,1,5,1,-9.5,-17.5,-27.5,0,0.930332
1,0,0,6,8,5,-4.5,-14.5,-23.5,4.99192e-07,0.7654
1,0,0,7,6,4,-3.5,-16.5,-24.5,8.23856e-07,0.808907
1,0,0,6,7,0,-4.5,-15.5,-28.5,8.81413e-07,0.975009
1,0,0,4,9,7,-6.5,-13.5,-21.5,7.32274e-07,0.681148
1,0,0,6,7,8,-4.5,-15.5,-20.5,7.19397e-07,0.643531
1,0,0,4,9,9,-6.5,-13.5,-19.5,3.46145e-07,0.599944
1,0,0,2,4,0,-8.5,-18.5,-28.5,0,0.974183
1,0,0,7,1,6,-3.5,-21.5,-22.5,5.45609e-08,0.729125
1,0,0,1,4,9,-9.5,-18.5,-19.5,6.07893e-08,0.60123
1,0,0,6,6,8,-4.5,-16.5,-20.5,6.25117e-07,0.644327
1,0,0,2,9,7,-8.5,-13.5,-21.5,5.94105e-07,0.679463
1,0,0,1,0,6,-9.5,-22.5,-22.5,0,0.724973
1,0,0,6,0,0,-4.5,-22.5,-28.5,0,0.978924
1,0,0,4,7,0,-6.5,-15.5,-28.5,6.73969e-07,0.973713
1,0,0,6,5,9,-4.5,-17.5,-19.5,8.53444e-08,0.604502
1,0,0,2,3,0,-8.5,-19.5,-28.5,0,0.974741
1,0,0,3,1,1,-7.5,-21.5,-27.5,0,0.934354
1,0,0,5,1,0,-5.5,-21.5,-28.5,0,0.978054
1,0,0,4,1,0,-6.5,-21.5,-28.5,0,0.977346
1,0,0,6,7,1,-4.5,-15.5,-27.5,6.65091e-07,0.932852
1,0,0,9,5,7,-1.5,-17.5,-21.5,1.71057e-06,0.686783
1,0,0,7,4,9,-3.5,-18.5,-19.5,2.90503e-07,0.605562
1,0,0,3,2,0,-7.5,-20.5,-28.5,0,0.976149
1,0,0,8,6,5,-2.5,-16.5,-23.5,8.79944e-07,0.767913
1,0,0,3,3,8,-7.5,-19.5,-20.5,0,0.64417
1,0,0,0,2,6,-10.5,-20.5,-22.5,0,0.723216
1,0,0,7,8,2,-3.5,-14.5,-26.5,9.1773e-07,0.890451
1,0,0,7,5,9,-3.5,-17.5,-19.5,7.22871e-07,0.604947
1,0,0,2,7,6,-8.5,-15.5,-22.5,0,0.722233
1,0,0,3,4,4,-7.5,-18.5,-24.5,0,0.807742
1,0,0,7,7,1,-3.5,-15.5,-27.5,7.43128e-07,0.933321
1,0,0,4,2,9,-6.5,-20.5,-19.5,0,0.60486
1,0,0,0,0,6,-10.5,-22.5,-22.5,0,0.723841
1,0,0,9,2,1,-1.5,-20.5,-27.5,1.04272e-07,0.937152
1,0,0,3,6,6,-7.5,-16.5,-22.5,3.20658e-07,0.723943
1,0,0,2,3,7,-8.5,-19.5,-21.5,0,0.683996
1,0,0,3,6,0,-7.5,-16.5,-28.5,1.90503e-07,0.973727
1,0,0,5,9,4,-5.5,-13.5,-24.5,1.2135e-06,0.805151
1,0,0,3,3,0,-7.5,-19.5,-28.5,0,0.975683
1,0,0,0,0,8,-10.5,-22.5,-20.5,0,0.642214
1,0,0,3,6,7,-7.5,-16.5,-21.5,3.79881e-07,0.683028
1,0,0,2,5,1,-8.5,-17.5,-27.5,0,0.931383
1,0,0,0,2,0,-10.5,-20.5,-28.5,3.50932e-07,0.972971
1,0,0,0,3,9,-10.5,-19.5,-19.5,8.01937e-08,0.600648
1,0,0,8,0,6,-2.5,-22.5,-22.5,0,0.729735
1,0,0,3,8,7,-7.5,-14.5,-21.5,1.49164e-06,0.681339
1,0,0,2,4,1,-8.5,-18.5,-27.5,0,0.932031
1,0,0,0,5,1,-10.5,-17.5,-27.5,0,0.929164
1,0,0,9,3,8,-1.5,-19.5,-20.5,4.22232e-07,0.647195
1,0,0,2,9,5,-8.5,-13.5,-23.5,1.10709e-06,0.761448
1,0,0,1,7,1,-9.5,-15.5,-27.5,0,0.92876
1,0,0,4,8,9,-6.5,-14.5,-19.5,1.5241e-06,0.600909
1,0,0,3,1,2,-7.5,-21.5,-26.5,0,0.892397
1,0,0,0,0,7,-10.5,-22.5,-21.5,0,0.682927
1,0,0,0,0,9,-10.5,-22.5,-19.5,2.26068e-08,0.6017
1,0,0,9,2,8,-1.5,-20.5,-20.5,0,0.647637
1,0,0,2,5,8,-8.5,-17.5,-20.5,0,0.642128
1,0,0,0,4,8,-10.5,-18.5,-20.5,0,0.640625
1,0,0,8,2,6,-2.5,-20.5,-22.5,9.2815e-09,0.729108
1,0,0,7,8,0,-3.5,-14.5,-28.5,2.61012e-07,0.97455
1,0,0,6,4,2,-4.5,-18.5,-26.5,5.31116e-07,0.893112
1,0,0,7,3,6,-3.5,-19.5,-22.5,2.50122e-07,0.728318
1,0,0,8,6,1,-2.5,-16.5,-27.5,6.50956e-08,0.934507
1,0,0,3,6,2,-7.5,-16.5,-26.5,9.55202e-08,0.889639
1,0,0,8,8,2,-2.5,-14.5,-26.5,6.81689e-07,0.890801
1,0,0,5,4,6,-5.5,-18.5,-22.5,2.1167e-07,0.726759
1,0,0,0,3,3,-10.5,-19.5,-25.5,2.62686e-07,0.846709
1,0,0,0,3,4,-10.5,-19.5,-24.5,0,0.805191
1,0,0,8,1,9,-2.5,-21.5,-19.5,0,0.607215
1,0,0,8,1,2,-2.5,-21.5,-26.5,1.07021e-07,0.895309
1,0,0,3,6,4,-7.5,-16.5,-24.5,2.50566e-07,0.806382
1,0,0,9,6,2,-1.5,-16.5,-26.5,4.57224e-07,0.892783
1,0,0,7,2,2,-3.5,-20.5,-26.5,0,0.89459
1,0,0,2,9,8,-8.5,-13.5,-20.5,8.67687e-07,0.638772
1,0,0,5,9,5,-5.5,-13.5,-23.5,6.57207e-07,0.763838
1,0,0,4,1,8,-6.5,-21.5,-20.5,0,0.645748
1,0,0,7,7,6,-3.5,-15.5,-22.5,8.38223e-07,0.72563
1,0,0,3,8,1,-7.5,-14.5,-27.5,4.23435e-07,0.929821
1,0,0,8,3,5,-2.5,-19.5,-23.5,2.42579e-07,0.769808
1,0,0,4,3,0,-6.5,-19.5,-28.5,0,0.976508
1,0,0,4,1,2,-6.5,-21.5,-26.5,0,0.893211
1,0,0,4,6,6,-6.5,-16.5,-22.5,3.15853e-07,0.724736
1,0,0,1,6,4,-9.5,-16.5,-24.5,2.29107e-07,0.804434
1,0,0,0,8,7,-10.5,-14.5,-21.5,1.87435e-07,0.678308
1,0,0,3,2,4,-7.5,-20.5,-24.5,0,0.80874
1,0,0,0,9,6,-10.5,-13.5,-22.5,3.97957e-07,0.718208
1,0,0,1,1,0,-9.5,-21.5,-28.5,1.74261e-08,0.974519
1,0,0,4,2,2,-6.5,-20.5,-26.5,0,0.892843
1,0,0,0,5,5,-10.5,-17.5,-23.5,0,0.762708
1,0,0,8,6,3,-2.5,-16.5,-25.5,1.11854e-06,0.850797
1,0,0,5,0,8,-5.5,-22.5,-20.5,1.97785e-07,0.646685
1,0,0,8,9,5,-2.5,-13.5,-23.5,8.63229e-07,0.765208
1,0,0,6,5,3,-4.5,-17.5,-25.5,2.17202e-07,0.850717
1,0,0,4,1,3,-6.5,-21.5,-25.5,0,0.851455
1,0,0,7,7,3,-3.5,-15.5,-25.5,1.16975e-06,0.849627
1,0,0,5,2,0,-5.5,-20.5,-28.5,0,0.977681
1,0,0,0,8,2,-10.5,-14.5,-26.5,0,0.884761
1,0,0,7,0,9,-3.5,-22.5,-19.5,0,0.607144
1,0,0,6,6,7,-4.5,-16.5,-21.5,6.60584e-07,0.685054
1,0,0,9,9,1,-1.5,-13.5,-27.5,3.79686e-07,0.931966
1,0,0,8,8,3,-2.5,-14.5,-25.5,8.30069e-07,0.849061
1,0,0,0,5,9,-10.5,-17.5,-19.5,2.60822e-07,0.599508
1,0,0,0,3,0,-10.5,-19.5,-28.5,0,0.972506
1,0,0,8,8,5,-2.5,-14.5,-23.5,2.27204e-07,0.7662
1,0,0,7,2,1,-3.5,-20.5,-27.5,0,0.936563
1,0,0,0,7,1,-10.5,-15.5,-27.5,0,0.927592
1,0,0,6,9,7,-4.5,-13.5,-21.5,6.91681e-07,0.682385
1,0,0,8,7,8,-2.5,-15.5,-20.5,1.26008e-06,0.644316
1,0,0,5,7,3,-5.5,-15.5,-25.5,8.48383e-07,0.848586
1,0,0,8,4,8,-2.5,-18.5,-20.5,2.32643e-07,0.646438
1,0,0,3,4,7,-7.5,-18.5,-21.5,1.73298e-08,0.684362
1,0,0,2,1,5,-8.5,-21.5,-23.5,0,0.766852
1,0,0,7,2,0,-3.5,-20.5,-28.5,0,0.978744
1,0,0,9,3,3,-1.5,-19.5,-25.5,1.69997e-07,0.85295
1,0,0,0,0,5,-10.5,-22.5,-23.5,0,0.764958
1,0,0,8,2,7,-2.5,-20.5,-21.5,1.48677e-07,0.688159
1,0,0,8,6,4,-2.5,-16.5,-24.5,1.01327e-06,0.809253
1,0,0,8,7,7,-2.5,-15.5,-21.5,1.15862e-06,0.685043
1,0,0,7,4,4,-3.5,-18.5,-24.5,1.7047e-07,0.810269
1,0,0,6,7,2,-4.5,-15.5,-26.5,5.79606e-07,0.890904
1,0,0,4,6,2,-6.5,-16.5,-26.5,3.23709e-07,0.890453
1,0,0,4,6,4,-6.5,-16.5,-24.5,5.4287e-07,0.807184
1,0,0,7,4,2,-3.5,-18.5,-26.5,6.21629e-08,0.893578
1,0,0,1,2,5,-9.5,-20.5,-23.5,0,0.765467
1,0,0,1,3,1,-9.5,-19.5,-27.5,0,0.931534
1,0,0,5,4,2,-5.5,-18.5,-26.5,0,0.892529
1,0,0,6,3,6,-4.5,-19.5,-22.5,1.05426e-08,0.727863
1,0,0,9,1,4,-1.5,-21.5,-24.5,0,0.812209
1,0,0,8,3,9,-2.5,-19.5,-19.5,6.04613e-07,0.606424
1,0,0,2,9,3,-8.5,-13.5,-25.5,1.07015e-06,0.844246
1,0,0,8,7,4,-2.5,-15.5,-24.5,7.81668e-07,0.808436
1,0,0,4,7,4,-6.5,-15.5,-24.5,4.63794e-07,0.806368
1,0,0,6,3,4,-4.5,-19.5,-24.5,0,0.810353
1,0,0,1,2,8,-9.5,-20.5,-20.5,0,0.642712
1,0,0,0,6,3,-10.5,-16.5,-25.5,0,0.844794
1,0,0,9,3,6,-1.5,-19.5,-22.5,4.47795e-07,0.728888
1,0,0,7,2,6,-3.5,-20.5,-22.5,0,0.728766
1,0,0,9,5,3,-1.5,-17.5,-25.5,9.05409e-07,0.851762
1,0,0,4,6,5,-6.5,-16.5,-23.5,7.29498e-07,0.765858
1,0,0,7,4,5,-3.5,-18.5,-23.5,0,0.768923
1,0,0,8,2,5,-2.5,-20.5,-23.5,3.01762e-07,0.770259
1,0,0,0,1,6,-10.5,-21.5,-22.5,0,0.723573
1,0,0,7,5,3,-3.5,-17.5,-25.5,4.24672e-07,0.85118
1,0,0,8,7,3,-2.5,-15.5,-25.5,6.37098e-07,0.849975
1,0,0,8,0,9,-2.5,-22.5,-19.5,0,0.607479
1,0,0,4,4,3,-6.5,-18.5,-25.5,0,0.850085
1,0,0,9,3,7,-1.5,-19.5,-21.5,4.68925e-07,0.687941
1,0,0,0,3,2,-10.5,-19.5,-26.5,0,0.888433
1,0,0,3,8,0,-7.5,-14.5,-28.5,5.85798e-08,0.971958
1,0,0,2,0,7,-8.5,-22.5,-21.5,0,0.685063
1,0,0,8,7,9,-2.5,-15.5,-19.5,1.8229e-06,0.603788
1,0,0,5,8,0,-5.5,-14.5,-28.5,4.71501e-07,0.973488
1,0,0,5,9,9,-5.5,-13.5,-19.5,9.25583e-07,0.600609
1,0,0,4,0,7,-6.5,-22.5,-21.5,0,0.686752
1,0,0,3,9,4,-7.5,-13.5,-24.5,5.08466e-07,0.803661
1,0,0,6,7,3,-4.5,-15.5,-25.5,9.00968e-07,0.849164
1,0,0,9,9,2,-1.5,-13.5,-26.5,3.51248e-07,0.890024
1,0,0,8,1,1,-2.5,-21.5,-27.5,1.33538e-07,0.937286
1,0,0,1,6,8,-9.5,-16.5,-20.5,2.25981e-07,0.640417
1,0,0,9,6,9,-1.5,-16.5,-19.5,1.07867e-06,0.604803
1,0,0,8,7,0,-2.5,-15.5,-28.5,1.4122e-07,0.975836
1,0,0,6,2,1,-4.5,-20.5,-27.5,0,0.936093
1,0,0,8,4,4,-2.5,-18.5,-24.5,1.48766e-07,0.810615
1,0,0,9,0,1,-1.5,-22.5,-27.5,0,0.937801
1,0,0,6,4,4,-4.5,-18.5,-24.5,0,0.809809
1,0,0,5,3,1,-5.5,-19.5,-27.5,1.08729e-07,0.935044
1,0,0,1,9,4,-9.5,-13.5,-24.5,4.15507e-07,0.801715
1,0,0,6,8,7,-4.5,-14.5,-21.5,1.14065e-06,0.683363
1,0,0,9,9,5,-1.5,-13.5,-23.5,9.12236e-07,0.765438
1,0,0,3,2,2,-7.5,-20.5,-26.5,0,0.892029
1,0,0,9,3,2,-1.5,-19.5,-26.5,5.14459e-07,0.894715
1,0,0,8,9,3,-2.5,-13.5,-25.5,7.60936e-07,0.848057
1,0,0,6,8,3,-4.5,-14.5,-25.5,5.72913e-07,0.848251
1,0,0,9,0,6,-1.5,-22.5,-22.5,0,0.729964
1,0,0,1,3,6,-9.5,-19.5,-22.5,0,0.7239
1,0,0,7,7,8,-3.5,-15.5,-20.5,5.73142e-07,0.643979
1,0,0,6,2,6,-4.5,-20.5,-22.5,2.19587e-07,0.728312
1,0,0,5,3,8,-5.5,-19.5,-20.5,7.5937e-08,0.645624
1,0,0,1,9,3,-9.5,-13.5,-25.5,2.46106e-07,0.843209
1,0,0,4,1,6,-6.5,-21.5,-22.5,0,0.727422
1,0,0,5,7,7,-5.5,-15.5,-21.5,1.18534e-06,0.68369
1,0,0,9,3,4,-1.5,-19.5,-24.5,4.0186e-07,0.811391
1,0,0,0,8,9,-10.5,-14.5,-19.5,1.52993e-07,0.59714
1,0,0,2,1,9,-8.5,-21.5,-19.5,0,0.603545
1,0,0,5,0,6,-5.5,-22.5,-22.5,0,0.728371
1,0,0,8,4,3,-2.5,-18.5,-25.5,5.77864e-09,0.852168
1,0,0,9,9,0,-1.5,-13.5,-28.5,7.27254e-08,0.974117
1,0,0,7,3,4,-3.5,-19.5,-24.5,1.34199e-07,0.810814
1,0,0,8,4,5,-2.5,-18.5,-23.5,2.90084e-07,0.769266
1,0,0,5,3,3,-5.5,-19.5,-25.5,0,0.851327
1,0,0,8,1,3,-2.5,-21.5,-25.5,2.23326e-07,0.85354
1,0,0,9,0,9,-1.5,-22.5,-19.5,3.17446e-07,0.607704
1,0,0,1,3,9,-9.5,-19.5,-19.5,2.8611e-07,0.601757
1,0,0,5,7,2,-5.5,-15.5,-26.5,5.87116e-07,0.890323
1,0,0,1,9,5,-9.5,-13.5,-23.5,3.37265e-10,0.760424
1,0,0,4,1,9,-6.5,-21.5,-19.5,0,0.605211
1,0,0,0,5,4,-10.5,-17.5,-24.5,0,0.804013
1,0,0,1,4,2,-9.5,-18.5,-26.5,0,0.889043
1,0,0,4,4,0,-6.5,-18.5,-28.5,1.83781e-08,0.975949
1,0,0,1,5,8,-9.5,-17.5,-20.5,0,0.641123
1,0,0,7,5,6,-3.5,-17.5,-22.5,6.27694e-07,0.727153
1,0,0,3,7,2,-7.5,-15.5,-26.5,7.1047e-07,0.888812
1,0,0,8,2,9,-2.5,-20.5,-19.5,1.77005e-07,0.606864
1,0,0,6,2,9,-4.5,-20.5,-19.5,1.10968e-07,0.606083
1,0,0,6,8,0,-4.5,-14.5,-28.5,5.14531e-07,0.974078
1,0,0,9,0,7,-1.5,-22.5,-21.5,0,0.68901
1,0,0,5,2,3,-5.5,-20.5,-25.5,0,0.851784
1,0,0,1,0,4,-9.5,-22.5,-24.5,0,0.807425
1,0,0,6,9,0,-4.5,-13.5,-28.5,1.58982e-07,0.973053
1,0,0,1,4,4,-9.5,-18.5,-24.5,5.68529e-08,0.805793
1,0,0,6,8,1,-4.5,-14.5,-27.5,8.76189e-07,0.931927
1,0,0,9,0,4,-1.5,-22.5,-24.5,0,0.812482
1,0,0,1,0,8,-9.5,-22.5,-20.5,0,0.64333
1,0,0,2,5,3,-8.5,-17.5,-25.5,0,0.847714
1,0,0,1,2,0,-9.5,-20.5,-28.5,0,0.974147
1,0,0,9,5,2,-1.5,-17.5,-26.5,1.03892e-06,0.893519
1,0,0,1,0,2,-9.5,-22.5,-26.5,0,0.890696
1,0,0,5,7,5,-5.5,-15.5,-23.5,1.04852e-06,0.765731
1,0,0,5,5,8,-5.5,-17.5,-20.5,5.25791e-08,0.644474
1,0,0,8,2,4,-2.5,-20.5,-24.5,2.6434e-07,0.811614
1,0,0,6,2,3,-4.5,-20.5,-25.5,0,0.852362
1,0,0,0,7,9,-10.5,-15.5,-19.5,0,0.598017
1,0,0,3,7,3,-7.5,-15.5,-25.5,5.94449e-07,0.847086
1,0,0,5,0,5,-5.5,-22.5,-23.5,0,0.769518
1,0,0,0,6,9,-10.5,-16.5,-19.5,1.73545e-09,0.598806
1,0,0,2,7,3,-8.5,-15.5,-25.5,1.33641e-07,0.846163
1,0,0,2,9,1,-8.5,-13.5,-27.5,4.35388e-07,0.927869
1,0,0,5,1,4,-5.5,-21.5,-24.5,0,0.810596
1,0,0,5,5,3,-5.5,-17.5,-25.5,8.29791e-08,0.850139
1,0,0,0,6,5,-10.5,-16.5,-23.5,0,0.761988
1,0,0,6,8,8,-4.5,-14.5,-20.5,7.04776e-07,0.642647
1,0,0,1,0,3,-9.5,-22.5,-25.5,0,0.848957
1,0,0,1,5,9,-9.5,-17.5,-19.5,1.83753e-08,0.600616
1,0,0,7,6,9,-3.5,-16.5,-19.5,1.16016e-06,0.604244
1,0,0,2,7,5,-8.5,-15.5,-23.5,2.66616e-07,0.763339
1,0,0,6,3,3,-4.5,-19.5,-25.5,0,0.851905
1,0,0,4,2,5,-6.5,-20.5,-23.5,0,0.768202
1,0,0,2,3,9,-8.5,-19.5,-19.5,0,0.602755
1,0,0,7,4,0,-3.5,-18.5,-28.5,0,0.977719
1,0,0,9,0,0,-1.5,-22.5,-28.5,0,0.979991
1,0,0,9,1,9,-1.5,-21.5,-19.5,2.06307e-08,0.60744
1,0,0,5,0,0,-5.5,-22.5,-28.5,0,0.978334
1,0,0,2,5,0,-8.5,-17.5,-28.5,0,0.973531
1,0,0,6,0,9,-4.5,-22.5,-19.5,0,0.606698
1,0,0,1,1,5,-9.5,-21.5,-23.5,0,0.765827
1,0,0,3,8,3,-7.5,-14.5,-25.5,6.11195e-07,0.846173
1,0,0,5,6,4,-5.5,-16.5,-24.5,1.14715e-06,0.807873
1,0,0,5,5,0,-5.5,-17.5,-28.5,0,0.976004
1,0,0,4,7,5,-6.5,-15.5,-23.5,3.94025e-07,0.765047
1,0,0,8,3,3,-2.5,-19.5,-25.5,1.52751e-07,0.852717
1,0,0,7,0,0,-3.5,-22.5,-28.5,0,0.979397
1,0,0,1,2,2,-9.5,-20.5,-26.5,1.18499e-07,0.890054
1,0,0,4,4,9,-6.5,-18.5,-19.5,6.37383e-08,0.603894
1,0,0,2,0,4,-8.5,-22.5,-24.5,0,0.808457
1,0,0,4,6,1,-6.5,-16.5,-27.5,4.47213e-07,0.932397
1,0,0,1,8,5,-9.5,-14.5,-23.5,0,0.761415
1,0,0,5,3,2,-5.5,-19.5,-26.5,0,0.893081
1,0,0,3,4,1,-7.5,-18.5,-27.5,0,0.932967
1,0,0,4,4,5,-6.5,-18.5,-23.5,5.19113e-08,0.76721
1,0,0,3,7,7,-7.5,-15.5,-21.5,5.71279e-07,0.682228
1,0,0,6,7,5,-4.5,-15.5,-23.5,8.17021e-07,0.766301
1,0,0,8,9,9,-2.5,-13.5,-19.5,7.67674e-07,0.601944
1,0,0,3,1,0,-7.5,-21.5,-28.5,0,0.976521
1,0,0,6,9,4,-4.5,-13.5,-24.5,5.78557e-07,0.805725
1,0,0,3,5,1,-7.5,-17.5,-27.5,0,0.932319
1,0,0,2,4,5,-8.5,-18.5,-23.5,0,0.765501
1,0,0,1,3,8,-9.5,-19.5,-20.5,0,0.642271
1,0,0,1,5,5,-9.5,-17.5,-23.5,0,0.763846
1,0,0,2,8,3,-8.5,-14.5,-25.5,8.19455e-07,0.84525
1,0,0,8,3,1,-2.5,-19.5,-27.5,0,0.936452
1,0,0,1,8,8,-9.5,-14.5,-20.5,4.8629e-07,0.638739
1,0,0,7,8,6,-3.5,-14.5,-22.5,3.50338e-07,0.724734
1,0,0,6,0,5,-4.5,-22.5,-23.5,0,0.770089
1,0,0,3,3,9,-7.5,-19.5,-19.5,1.53378e-07,0.603643
1,0,0,5,1,5,-5.5,-21.5,-23.5,0,0.769247
1,0,0,9,4,2,-1.5,-18.5,-26.5,1.25006e-06,0.894163
1,0,0,5,9,0,-5.5,-13.5,-28.5,2.28635e-07,0.972464
1,0,0,4,1,7,-6.5,-21.5,-21.5,0,0.686485
1,0,0,7,7,5,-3.5,-15.5,-23.5,5.12582e-07,0.766758
1,0,0,2,0,5,-8.5,-22.5,-23.5,0,0.767122
1,0,0,1,9,0,-9.5,-13.5,-28.5,0,0.968936
1,0,0,8,5,0,-2.5,-17.5,-28.5,1.48114e-07,0.977421
1,0,0,6,4,0,-4.5,-18.5,-28.5,0,0.977246
1,0,0,1,3,7,-9.5,-19.5,-21.5,0,0.682985
1,0,0,2,2,7,-8.5,-20.5,-21.5,0,0.684441
1,0,0,8,9,4,-2.5,-13.5,-24.5,6.74448e-07,0.80653
1,0,0,6,9,3,-4.5,-13.5,-25.5,8.28874e-07,0.847246
1,0,0,9,1,6,-1.5,-21.5,-22.5,0,0.729695
1,0,0,7,8,9,-3.5,-14.5,-19.5,1.23307e-06,0.602576
1,0,0,6,5,0,-4.5,-17.5,-28.5,0,0.976594
1,0,0,2,9,9,-8.5,-13.5,-19.5,9.57024e-07,0.598281
1,0,0,5,9,1,-5.5,-13.5,-27.5,3.62358e-07,0.930323
1,0,0,4,1,4,-6.5,-21.5,-24.5,0,0.809906
1,0,0,6,0,6,-4.5,-22.5,-22.5,4.92302e-08,0.728939
1,0,0,4,7,6,-6.5,-15.5,-22.5,7.27801e-07,0.72393
1,0,0,5,3,4,-5.5,-19.5,-24.5,3.07184e-08,0.809779
1,0,0,2,8,1,-8.5,-14.5,-27.5,4.7628e-07,0.928886
1,0,0,5,0,4,-5.5,-22.5,-24.5,0,0.810868
1,0,0,2,2,2,-8.5,-20.5,-26.5,0,0.891099
1,0,0,1,7,3,-9.5,-15.5,-25.5,1.32185e-07,0.845125
1,0,0,0,1,4,-10.5,-21.5,-24.5,3.14895e-07,0.806007
1,0,0,5,1,8,-5.5,-21.5,-20.5,0,0.646419
1,0,0,3,0,2,-7.5,-22.5,-26.5,0,0.892672
1,0,0,8,4,7,-2.5,-18.5,-21.5,9.66659e-08,0.687179
1,0,0,0,9,5,-10.5,-13.5,-23.5,2.37533e-07,0.759288
1,0,0,3,1,8,-7.5,-21.5,-20.5,0,0.644965
1,0,0,2,4,8,-8.5,-18.5,-20.5,0,0.642746
1,0,0,8,2,3,-2.5,-20.5,-25.5,2.47004e-07,0.853174
1,0,0,3,5,6,-7.5,-17.5,-22.5,1.82127e-07,0.72466
1,0,0,6,1,1,-4.5,-21.5,-27.5,0,0.936463
1,0,0,6,5,1,-4.5,-17.5,-27.5,9.32039e-08,0.934426
1,0,0,9,2,7,-1.5,-20.5,-21.5,1.42363e-07,0.688386
1,0,0,2,8,0,-8.5,-14.5,-28.5,3.60456e-07,0.971017
1,0,0,0,4,6,-10.5,-18.5,-22.5,0,0.722232
1,0,0,0,9,0,-10.5,-13.5,-28.5,6.91607e-08,0.967761
1,0,0,3,1,7,-7.5,-21.5,-21.5,0,0.685697
1,0,0,3,5,2,-7.5,-17.5,-26.5,0,0.890374
1,0,0,2,7,7,-8.5,-15.5,-21.5,4.0608e-07,0.681329
1,0,0,6,3,9,-4.5,-19.5,-19.5,1.33964e-07,0.605644
1,0,0,0,1,0,-10.5,-21.5,-28.5,8.45148e-08,0.973343
1,0,0,3,1,5,-7.5,-21.5,-23.5,0,0.767764
1,0,0,7,6,2,-3.5,-16.5,-26.5,5.36971e-07,0.892198
1,0,0,8,5,8,-2.5,-17.5,-20.5,5.36203e-07,0.645819
1,0,0,6,5,6,-4.5,-17.5,-22.5,3.32867e-07,0.726699
1,0,0,4,4,8,-6.5,-18.5,-20.5,2.22968e-07,0.644422
1,0,0,0,4,7,-10.5,-18.5,-21.5,0,0.681328
1,0,0,0,2,3,-10.5,-20.5,-25.5,1.55944e-07,0.847165
1,0,0,7,2,9,-3.5,-20.5,-19.5,0,0.606529
1,0,0,1,0,0,-9.5,-22.5,-28.5,0,0.974799
1,0,0,4,6,0,-6.5,-16.5,-28.5,2.87728e-07,0.974551
1,0,0,7,4,6,-3.5,-18.5,-22.5,1.28552e-07,0.72778
1,0,0,2,7,4,-8.5,-15.5,-24.5,3.48393e-07,0.804649
1,0,0,3,6,9,-7.5,-16.5,-19.5,3.5446e-07,0.6018
1,0,0,1,4,5,-9.5,-18.5,-23.5,0,0.764476
1,0,0,8,0,8,-2.5,-22.5,-20.5,2.69135e-08,0.648031
1,0,0,3,0,1,-7.5,-22.5,-27.5,0,0.934632
1,0,0,8,2,0,-2.5,-20.5,-28.5,0,0.9791
1,0,0,8,1,4,-2.5,-21.5,-24.5,2.53114e-07,0.811977
1,0,0,0,4,9,-10.5,-18.5,-19.5,0,0.600122
1,0,0,1,0,1,-9.5,-22.5,-27.5,0,0.932643
1,0,0,0,6,1,-10.5,-16.5,-27.5,0,0.928424
1,0,0,5,2,4,-5.5,-20.5,-24.5,0,0.810232
1,0,0,8,8,0,-2.5,-14.5,-28.5,2.7515e-07,0.974904
1,0,0,7,2,4,-3.5,-20.5,-24.5,0,0.811268
1,0,0,3,2,3,-7.5,-20.5,-25.5,0,0.850281
1,0,0,9,7,9,-1.5,-15.5,-19.5,9.51343e-07,0.604012
1,0,0,6,0,3,-4.5,-22.5,-25.5,5.45673e-08,0.853002
1,0,0,7,7,4,-3.5,-15.5,-24.5,1.0234e-06,0.80809
1,0,0,6,9,2,-4.5,-13.5,-26.5,5.28292e-07,0.888974
1,0,0,7,4,8,-3.5,-18.5,-20.5,2.88883e-07,0.646101
1,0,0,9,1,1,-1.5,-21.5,-27.5,0,0.937523
1,0,0,0,4,4,-10.5,-18.5,-24.5,0,0.804648
1,0,0,6,9,6,-4.5,-13.5,-22.5,8.95471e-07,0.723296
1,0,0,6,8,2,-4.5,-14.5,-26.5,8.10765e-07,0.889985
1,0,0,8,6,7,-2.5,-16.5,-21.5,5.76962e-07,0.685844
1,0,0,6,6,2,-4.5,-16.5,-26.5,1.16183e-06,0.891732
1,0,0,1,5,6,-9.5,-17.5,-22.5,0,0.722737
1,0,0,4,3,1,-6.5,-19.5,-27.5,0,0.934341
1,0,0,7,2,5,-3.5,-20.5,-23.5,0,0.769915
1,0,0,3,8,6,-7.5,-14.5,-22.5,1.29104e-06,0.722243
1,0,0,9,9,8,-1.5,-13.5,-20.5,4.19522e-07,0.642685
1,0,0,5,1,6,-5.5,-21.5,-22.5,0,0.728103
1,0,0,5,3,7,-5.5,-19.5,-21.5,6.69952e-08,0.686359
1,0,0,1,3,2,-9.5,-19.5,-26.5,3.01161e-08,0.889594
1,0,0,8,5,3,-2.5,-17.5,-25.5,2.7677e-07,0.851529
1,0,0,4,1,5,-6.5,-21.5,-23.5,0,0.768562
1,0,0,9,8,9,-1.5,-14.5,-19.5,9.52319e-07,0.603134
1,0,0,9,4,3,-1.5,-18.5,-25.5,3.59044e-07,0.852402
1,0,0,4,5,3,-6.5,-17.5,-25.5,3.0051e-08,0.849446
1,0,0,4,5,5,-6.5,-17.5,-23.5,9.25525e-07,0.766579
1,0,0,7,4,7,-3.5,-18.5,-21.5,2.96854e-07,0.68684
1,0,0,9,8,3,-1.5,-14.5,-25.5,9.433e-07,0.849294
1,0,0,1,3,4,-9.5,-19.5,-24.5,4.07746e-09,0.806337
1,0,0,9,0,5,-1.5,-22.5,-23.5,0,0.771121
1,0,0,2,9,4,-8.5,-13.5,-24.5,1.04609e-06,0.802745
1,0,0,5,4,9,-5.5,-18.5,-19.5,0,0.60456
1,0,0,4,5,0,-6.5,-17.5,-28.5,2.92638e-08,0.975297
1,0,0,3,8,4,-7.5,-14.5,-24.5,4.72029e-07,0.804658
1,0,0,3,2,1,-7.5,-20.5,-27.5,0,0.933984
1,0,0,8,4,9,-2.5,-18.5,-19.5,3.17337e-08,0.605897
1,0,0,7,6,6,-3.5,-16.5,-22.5,3.99108e-07,0.726436
1,0,0,5,5,6,-5.5,-17.5,-22.5,5.66977e-07,0.726132
1,0,0,1,3,3,-9.5,-19.5,-25.5,6.89933e-08,0.847863
1,0,0,0,1,1,-10.5,-21.5,-27.5,0,0.931197
1,0,0,1,3,5,-9.5,-19.5,-23.5,0,0.765017
1,0,0,2,4,6,-8.5,-18.5,-22.5,0,0.724381
1,0,0,1,1,7,-9.5,-21.5,-21.5,0,0.683785
1,0,0,1,8,2,-9.5,-14.5,-26.5,2.57355e-07,0.88592
1,0,0,0,0,1,-10.5,-22.5,-27.5,0,0.931474
1,0,0,7,9,2,-3.5,-13.5,-26.5,3.10019e-07,0.889439
1,0,0,5,6,6,-5.5,-16.5,-22.5,1.19322e-06,0.725415
1,0,0,9,2,2,-1.5,-20.5,-26.5,5.46752e-08,0.895176
1,0,0,0,7,6,-10.5,-15.5,-22.5,0,0.720086
1,0,0,0,3,7,-10.5,-19.5,-21.5,0,0.681861
1,0,0,8,1,8,-2.5,-21.5,-20.5,0,0.647765
1,0,0,6,0,8,-4.5,-22.5,-20.5,0,0.647245
1,0,0,4,9,0,-6.5,-13.5,-28.5,4.99397e-07,0.971757
1,0,0,5,6,8,-5.5,-16.5,-20.5,8.86861e-07,0.643767
1,0,0,1,1,8,-9.5,-21.5,-20.5,0,0.643066
1,0,0,9,2,6,-1.5,-20.5,-22.5,1.98039e-08,0.729336
1,0,0,1,5,7,-9.5,-17.5,-21.5,0,0.681829
1,0,0,0,7,8,-10.5,-15.5,-20.5,0,0.638507
1,0,0,2,0,2,-8.5,-22.5,-26.5,0,0.891742
1,0,0,9,3,1,-1.5,-19.5,-27.5,4.07951e-07,0.936689
1,0,0,4,5,7,-6.5,-17.5,-21.5,6.33611e-07,0.684527
1,0,0,6,3,7,-4.5,-19.5,-21.5,0,0.686923
1,0,0,4,3,2,-6.5,-19.5,-26.5,0,0.892383
1,0,0,4,4,7,-6.5,-18.5,-21.5,1.07559e-07,0.68515
1,0,0,8,1,7,-2.5,-21.5,-21.5,9.36783e-09,0.688515
1,0,0,1,7,6,-9.5,-15.5,-22.5,0,0.721216
1,0,0,0,9,1,-10.5,-13.5,-27.5,0,0.925652
1,0,0,3,1,4,-7.5,-21.5,-24.5,0,0.809103
1,0,0,5,6,9,-5.5,-16.5,-19.5,6.56225e-07,0.603243
1,0,0,9,8,0,-1.5,-14.5,-28.5,3.91811e-07,0.975142
1,0,0,2,5,9,-8.5,-17.5,-19.5,2.09927e-07,0.601614
1,0,0,7,9,0,-3.5,-13.5,-28.5,3.0276e-07,0.973525
1,0,0,6,1,7,-4.5,-21.5,-21.5,0,0.687724
1,0,0,4,5,9,-6.5,-17.5,-19.5,1.54618e-07,0.603279
1,0,0,9,7,7,-1.5,-15.5,-21.5,5.11292e-07,0.68527
1,0,0,6,4,5,-4.5,-18.5,-23.5,4.55119e-08,0.768465
1,0,0,5,2,7,-5.5,-20.5,-21.5,0,0.686804
1,0,0,8,8,9,-2.5,-14.5,-19.5,6.11291e-07,0.60291
1,0,0,5,6,7,-5.5,-16.5,-21.5,1.30447e-06,0.684491
1,0,0,2,3,4,-8.5,-19.5,-24.5,0,0.807369
1,0,0,9,3,9,-1.5,-19.5,-19.5,3.17141e-07,0.606648
1,0,0,4,3,5,-6.5,-19.5,-23.5,0,0.767751
1,0,0,1,8,6,-9.5,-14.5,-22.5,1.86796e-07,0.720321
1,0,0,6,1,9,-4.5,-21.5,-19.5,0,0.606435
1,0,0,5,1,3,-5.5,-21.5,-25.5,1.62929e-07,0.852149
1,0,0,9,7,4,-1.5,-15.5,-24.5,5.62329e-07,0.808667
1,0,0,6,3,1,-4.5,-19.5,-27.5,0,0.93563
1,0,0,9,5,6,-1.5,-17.5,-22.5,6.05745e-07,0.727723
1,0,0,4,2,7,-6.5,-20.5,-21.5,0,0.686129
1,0,0,2,0,3,-8.5,-22.5,-25.5,0,0.849996
1,0,0,3,4,6,-7.5,-18.5,-22.5,1.07895e-07,0.725286
1,0,0,9,5,8,-1.5,-17.5,-20.5,7.85772e-07,0.646045
1,0,0,2,5,4,-8.5,-17.5,-24.5,6.82727e-08,0.80619
1,0,0,5,3,5,-5.5,-19.5,-23.5,0,0.768436
1,0,0,3,2,5,-7.5,-20.5,-23.5,0,0.767404
1,0,0,4,6,8,-6.5,-16.5,-20.5,5.56333e-07,0.643096
1,0,0,0,5,3,-10.5,-17.5,-25.5,0,0.845524
1,0,0,0,6,8,-10.5,-16.5,-20.5,0,0.639301
1,0,0,6,8,4,-4.5,-14.5,-24.5,1.02121e-06,0.806723
1,0,0,9,7,2,-1.5,-15.5,-26.5,1.2051e-06,0.891955
1,0,0,9,4,6,-1.5,-18.5,-22.5,6.85163e-07,0.72835
1,0,0,4,8,3,-6.5,-14.5,-25.5,1.01695e-06,0.84698
1,0,0,7,0,6,-3.5,-22.5,-22.5,1.96039e-07,0.729394
1,0,0,7,9,1,-3.5,-13.5,-27.5,2.783e-07,0.931378
