,Cell IdX,Cell IdY,Cell IdZ,X [mm],Y [mm],Z [mm],Dose,FieldScalingFactor
0,0,0,0,-22.0,-22.0,2.0,9.65254e-05,0.3474044903610067
1,0,0,1,-22.0,-22.0,6.0,9.65254e-05,0.35178658165503807
2,0,0,2,-22.0,-22.0,10.0,9.65254e-05,0.3562738787068127
3,0,1,0,-22.0,-18.0,2.0,9.65254e-05,0.3475143504958661
4,0,1,1,-22.0,-18.0,6.0,9.65254e-05,0.3519004112288333
5,0,1,2,-22.0,-18.0,10.0,9.65254e-05,0.3563918709571091
6,0,2,0,-22.0,-14.0,2.0,9.65254e-05,0.3475280240887068
7,0,2,1,-22.0,-14.0,6.0,9.65254e-05,0.35191458363460587
8,0,2,2,-22.0,-14.0,10.0,9.65254e-05,0.3564065667519594
9,1,0,0,-18.0,-22.0,2.0,9.65254e-05,0.3476533199174434
10,1,0,1,-18.0,-22.0,6.0,9.65254e-05,0.3520444019358487
11,1,0,2,-18.0,-22.0,10.0,9.65254e-05,0.3565411274016596
12,1,1,0,-18.0,-18.0,2.0,9.65254e-05,0.3477548613549849
13,1,1,1,-18.0,-18.0,6.0,9.65254e-05,0.3521496163109208
14,1,1,2,-18.0,-18.0,10.0,9.65254e-05,0.35665019377045964
15,1,2,0,-18.0,-14.0,2.0,9.65254e-05,0.34776004103903463
16,1,2,1,-18.0,-14.0,6.0,9.65254e-05,0.35215498764615183
17,1,2,2,-18.0,-14.0,10.0,9.65254e-05,0.35665576636490726
18,2,0,0,-14.0,-22.0,2.0,9.65254e-05,0.3478450615737341
19,2,0,1,-14.0,-22.0,6.0,9.65254e-05,0.35224307942679545
20,2,0,2,-14.0,-22.0,10.0,9.65254e-05,0.3567470788646972
21,2,1,0,-14.0,-18.0,2.0,9.65254e-05,0.34793822889551285
22,2,1,1,-14.0,-18.0,6.0,9.65254e-05,0.352339619814355
23,2,1,2,-14.0,-18.0,10.0,9.65254e-05,0.3568471569442814
24,2,2,0,-14.0,-14.0,2.0,9.65254e-05,0.3479348996541052
25,2,2,1,-14.0,-14.0,6.0,9.65254e-05,0.3523361741413126
26,2,2,2,-14.0,-14.0,10.0,9.65254e-05,0.3568435894108625
27,0,0,3,-22.0,-22.0,14.0,0.000200668,0.36087020329435004
28,0,0,4,-22.0,-22.0,18.0,0.000200668,0.3655795639198238
29,0,0,5,-22.0,-22.0,22.0,0.000200668,0.3704061673122843
30,0,1,3,-22.0,-18.0,14.0,0.000200668,0.3609925633418912
31,0,1,4,-22.0,-18.0,18.0,0.000200668,0.3657065096547768
32,0,1,5,-22.0,-18.0,22.0,0.000200668,0.3705379303584162
33,0,2,3,-22.0,-14.0,14.0,0.000200668,0.36100780863518667
34,0,2,4,-22.0,-14.0,18.0,0.000200668,0.3657223322053726
35,0,2,5,-22.0,-14.0,22.0,0.000200668,0.37055435970134837
36,1,0,3,-18.0,-22.0,14.0,0.000200668,0.36114734500977763
37,1,0,4,-18.0,-22.0,18.0,0.000200668,0.36586709218686375
38,1,0,5,-18.0,-22.0,22.0,0.000200668,0.3707046067706204
39,1,1,3,-18.0,-18.0,14.0,0.000200668,0.3612604534586711
40,1,1,4,-18.0,-18.0,18.0,0.000200668,0.36598444465669755
41,1,1,5,-18.0,-18.0,22.0,0.000200668,0.37082641795370763
42,1,2,3,-18.0,-14.0,14.0,0.000200668,0.3612662375320741
43,1,2,4,-18.0,-14.0,18.0,0.000200668,0.36599045108795836
44,1,2,5,-18.0,-14.0,22.0,0.000200668,0.37083265833277357
45,2,0,3,-14.0,-22.0,14.0,0.000200668,0.3613609294134983
46,2,0,4,-14.0,-22.0,18.0,0.000200668,0.366088690887959
47,2,0,5,-14.0,-22.0,22.0,0.000200668,0.37093462520807435
48,2,1,3,-14.0,-18.0,14.0,0.000200668,0.3614647199668621
49,2,1,4,-14.0,-18.0,18.0,0.000200668,0.36619637961258306
50,2,1,5,-14.0,-18.0,22.0,0.000200668,0.3710464095446073
51,2,2,3,-14.0,-14.0,14.0,0.000200668,0.3614610248285042
52,2,2,4,-14.0,-14.0,18.0,0.000200668,0.3661925507869636
53,2,2,5,-14.0,-14.0,22.0,0.000200668,0.3710424405878781
54,0,3,0,-22.0,-10.0,2.0,0.00252436,0.3474455071655808
55,0,3,1,-22.0,-10.0,6.0,0.00252436,0.351829094642766
56,0,3,2,-22.0,-10.0,10.0,0.00252436,0.3563179615860769
57,0,4,0,-22.0,-6.0,2.0,0.00252436,0.3472669547249011
58,0,4,1,-22.0,-6.0,6.0,0.00252436,0.35164410865029
59,0,4,2,-22.0,-6.0,10.0,0.00252436,0.356126229945834
60,0,5,0,-22.0,-2.0,2.0,0.00252436,0.34699268006971806
61,0,5,1,-22.0,-2.0,6.0,0.00252436,0.35135995795575026
62,0,5,2,-22.0,-2.0,10.0,0.00252436,0.35583172452143796
63,1,3,0,-18.0,-10.0,2.0,0.00252436,0.34766886273815567
64,1,3,1,-18.0,-10.0,6.0,0.00252436,0.3520605199254237
65,1,3,2,-18.0,-10.0,10.0,0.00252436,0.35655784939883434
66,1,4,0,-18.0,-6.0,2.0,0.00252436,0.3474814896485796
67,1,4,1,-18.0,-6.0,6.0,0.00252436,0.35186638625358263
68,1,4,2,-18.0,-6.0,10.0,0.00252436,0.35635662661519296
69,1,5,0,-18.0,-2.0,2.0,0.00252436,0.34719824370215646
70,1,5,1,-18.0,-2.0,6.0,0.00252436,0.35157292810509205
71,1,5,2,-18.0,-2.0,10.0,0.00252436,0.3560524604694781
72,2,3,0,-14.0,-10.0,2.0,0.00252436,0.3478350853778227
73,2,3,1,-14.0,-10.0,6.0,0.00252436,0.35223275462366244
74,2,3,2,-14.0,-10.0,10.0,0.00252436,0.35673638921770107
75,2,4,0,-14.0,-6.0,2.0,0.00252436,0.3476389573685066
76,2,4,1,-14.0,-6.0,6.0,0.00252436,0.35202954297410693
77,2,4,2,-14.0,-6.0,10.0,0.00252436,0.35652574925567
78,2,5,0,-14.0,-2.0,2.0,0.00252436,0.34734684598592475
79,2,5,1,-14.0,-2.0,6.0,0.00252436,0.35172688962491394
80,2,5,2,-14.0,-2.0,10.0,0.00252436,0.35621204150858127
81,0,3,3,-22.0,-10.0,14.0,0.00341587,0.36091593437130615
82,0,3,4,-22.0,-10.0,18.0,0.00341587,0.3656270264470289
83,0,3,5,-22.0,-10.0,22.0,0.00341587,0.3704554498685452
84,0,4,3,-22.0,-6.0,14.0,0.00341587,0.3607171258767425
85,0,4,4,-22.0,-6.0,18.0,0.00341587,0.3654207893629057
86,0,4,5,-22.0,-6.0,22.0,0.00341587,0.37024141038890246
87,0,5,3,-22.0,-2.0,14.0,0.00341587,0.3604117577503659
88,0,5,4,-22.0,-2.0,18.0,0.00341587,0.3651040191106614
89,0,5,5,-22.0,-2.0,22.0,0.00341587,0.36991266477544
90,1,3,3,-18.0,-10.0,14.0,0.00341587,0.36116470168957326
91,1,3,4,-18.0,-10.0,18.0,0.00341587,0.3658851162031085
92,1,3,5,-18.0,-10.0,22.0,0.00341587,0.3707233329115372
93,1,4,3,-18.0,-6.0,14.0,0.00341587,0.3609560411050622
94,1,4,4,-18.0,-6.0,18.0,0.00341587,0.3656686474693848
95,1,4,5,-18.0,-6.0,22.0,0.00341587,0.3704986623898159
96,1,5,3,-18.0,-2.0,14.0,0.00341587,0.360640640778255
97,1,5,4,-18.0,-2.0,18.0,0.00341587,0.3653414541313173
98,1,5,5,-18.0,-2.0,22.0,0.00341587,0.37015908210873993
99,2,3,3,-14.0,-10.0,14.0,0.00341587,0.36134985774271244
100,2,3,4,-14.0,-10.0,18.0,0.00341587,0.36607721900470513
101,2,3,5,-14.0,-10.0,22.0,0.00341587,0.3709227338442388
102,2,4,3,-14.0,-6.0,14.0,0.00341587,0.36113142361254724
103,2,4,4,-14.0,-6.0,18.0,0.00341587,0.3658506020884818
104,2,4,5,-14.0,-6.0,22.0,0.00341587,0.37068752104421954
105,2,5,3,-14.0,-2.0,14.0,0.00341587,0.3608061175808602
106,2,5,4,-14.0,-2.0,18.0,0.00341587,0.3655131200891118
107,2,5,5,-14.0,-2.0,22.0,0.00341587,0.37033724905127047
108,0,6,0,-22.0,2.0,2.0,0.00544498,0.34662315348904293
109,0,6,1,-22.0,2.0,6.0,0.00544498,0.3509771413276443
110,0,6,2,-22.0,2.0,10.0,0.00544498,0.3554349746510808
111,0,7,0,-22.0,6.0,2.0,0.00544498,0.34615900029837643
112,0,7,1,-22.0,6.0,6.0,0.00544498,0.35049632187737606
113,0,7,2,-22.0,6.0,10.0,0.00544498,0.35493668400980416
114,0,8,0,-22.0,10.0,2.0,0.00544498,0.34560099825454693
115,0,8,1,-22.0,10.0,6.0,0.00544498,0.3499183242535616
116,0,8,2,-22.0,10.0,10.0,0.00544498,0.3543377275615755
117,1,6,0,-18.0,2.0,2.0,0.00544498,0.3468196042209648
118,1,6,1,-18.0,2.0,6.0,0.00544498,0.35118065386320046
119,1,6,2,-18.0,2.0,10.0,0.00544498,0.35564589054202084
120,1,7,0,-18.0,6.0,2.0,0.00544498,0.34634620592884785
121,1,7,1,-18.0,6.0,6.0,0.00544498,0.3506902366612335
122,1,7,2,-18.0,6.0,10.0,0.00544498,0.35513763119221425
123,1,8,0,-18.0,10.0,2.0,0.00544498,0.34577883633514045
124,1,8,1,-18.0,10.0,6.0,0.00544498,0.35010251154288385
125,1,8,2,-18.0,10.0,10.0,0.00544498,0.35452856847332515
126,2,6,0,-14.0,2.0,2.0,0.00544498,0.34695923927678307
127,2,6,1,-14.0,2.0,6.0,0.00544498,0.3513253122393058
128,2,6,2,-14.0,2.0,10.0,0.00544498,0.35579581543516864
129,2,7,0,-14.0,6.0,2.0,0.00544498,0.34647678095909795
130,2,7,1,-14.0,6.0,6.0,0.00544498,0.35082549352303916
131,2,7,2,-14.0,6.0,10.0,0.00544498,0.3552777955908788
132,2,8,0,-14.0,10.0,2.0,0.00544498,0.34590026777720917
133,2,8,1,-14.0,10.0,6.0,0.00544498,0.3502282783533282
134,2,8,2,-14.0,10.0,10.0,0.00544498,0.35465887850839034
135,0,6,3,-22.0,2.0,14.0,0.00682471,0.3600003921710601
136,0,6,4,-22.0,2.0,18.0,0.00682471,0.36467731317961466
137,0,6,5,-22.0,2.0,22.0,0.00682471,0.3694698485166452
138,0,7,3,-22.0,6.0,14.0,0.00682471,0.35948377638398743
139,0,7,4,-22.0,6.0,18.0,0.00682471,0.36414146565403316
140,0,7,5,-22.0,6.0,22.0,0.00682471,0.3689138060938282
141,0,8,3,-22.0,10.0,14.0,0.00682471,0.3588628393862733
142,0,8,4,-22.0,10.0,18.0,0.00682471,0.3634974636055602
143,0,8,5,-22.0,10.0,22.0,0.00682471,0.36824558705034466
144,1,6,3,-18.0,2.0,14.0,0.00682471,0.3602190738075309
145,1,6,4,-18.0,2.0,18.0,0.00682471,0.3649041453297846
146,1,6,5,-18.0,2.0,22.0,0.00682471,0.36970524000032295
147,1,7,3,-18.0,6.0,14.0,0.00682471,0.35969209883827397
148,1,7,4,-18.0,6.0,18.0,0.00682471,0.3643575273237079
149,1,7,5,-18.0,6.0,22.0,0.00682471,0.3691379935592008
150,1,8,3,-18.0,10.0,14.0,0.00682471,0.3590606567077293
151,1,8,4,-18.0,10.0,18.0,0.00682471,0.36370259983767583
152,1,8,5,-18.0,10.0,22.0,0.00682471,0.36845840586262557
153,2,6,3,-14.0,2.0,14.0,0.00682471,0.3603745232699523
154,2,6,4,-14.0,2.0,18.0,0.00682471,0.3650653933683909
155,2,6,5,-14.0,2.0,22.0,0.00682471,0.3698725777716568
156,2,7,3,-14.0,6.0,14.0,0.00682471,0.3598374101944702
157,2,7,4,-14.0,6.0,18.0,0.00682471,0.36450823978196567
158,2,7,5,-14.0,6.0,22.0,0.00682471,0.36929437708364754
159,2,8,3,-14.0,10.0,14.0,0.00682471,0.3591957303687224
160,2,8,4,-14.0,10.0,18.0,0.00682471,0.3638426709858272
161,2,8,5,-14.0,10.0,22.0,0.00682471,0.36860372281236875
162,0,9,0,-22.0,14.0,2.0,0.00042721,0.3449500743645616
163,0,9,1,-22.0,14.0,6.0,0.00042721,0.3492441311795379
164,0,9,2,-22.0,14.0,10.0,0.00042721,0.3536391477988418
165,0,10,0,-22.0,18.0,2.0,0.00042721,0.34420730111249853
166,0,10,1,-22.0,18.0,6.0,0.00042721,0.34847487936086413
167,0,10,2,-22.0,18.0,10.0,0.00042721,0.35284215029950755
168,0,11,0,-22.0,22.0,2.0,0.00042721,0.3433738921327576
169,0,11,1,-22.0,22.0,6.0,0.00042721,0.34761185479415585
170,0,11,2,-22.0,22.0,10.0,0.00042721,0.35194809863591736
171,1,9,0,-18.0,14.0,2.0,0.00042721,0.34511843251050056
172,1,9,1,-18.0,14.0,6.0,0.00042721,0.34941847196359704
173,1,9,2,-18.0,14.0,10.0,0.00042721,0.3538197563324966
174,1,10,0,-18.0,18.0,2.0,0.00042721,0.34436607727915775
175,1,10,1,-18.0,18.0,6.0,0.00042721,0.3486392656601587
176,1,10,2,-18.0,18.0,10.0,0.00042721,0.3530124121261466
177,1,11,0,-18.0,22.0,2.0,0.00042721,0.34352299485618754
178,1,11,1,-18.0,22.0,6.0,0.00042721,0.34776618992002956
179,1,11,2,-18.0,22.0,10.0,0.00042721,0.35210791148566584
180,2,9,0,-14.0,14.0,2.0,0.00042721,0.3452306462475466
181,2,9,1,-14.0,14.0,6.0,0.00042721,0.3495346702474702
182,2,9,2,-14.0,14.0,10.0,0.00042721,0.3539401288617495
183,2,10,0,-14.0,18.0,2.0,0.00042721,0.3444690088198197
184,2,10,1,-14.0,18.0,6.0,0.00042721,0.3487458271983339
185,2,10,2,-14.0,18.0,10.0,0.00042721,0.35312277494445804
186,2,11,0,-14.0,22.0,2.0,0.00042721,0.3436165894821584
187,2,11,1,-14.0,22.0,6.0,0.00042721,0.34786305690872715
188,2,11,2,-14.0,22.0,10.0,0.00042721,0.3522082034968739
189,0,9,3,-22.0,14.0,14.0,0.00073672,0.35813868783917424
190,0,9,4,-22.0,14.0,18.0,0.00073672,0.36274648264495307
191,0,9,5,-22.0,14.0,22.0,0.00073672,0.36746644114636234
192,0,10,3,-22.0,18.0,14.0,0.00073672,0.3573126012397498
193,0,10,4,-22.0,18.0,18.0,0.00073672,0.361889881670105
194,0,10,5,-22.0,18.0,22.0,0.00073672,0.3665778126402386
195,0,11,3,-22.0,22.0,14.0,0.00073672,0.35638602639086076
196,0,11,4,-22.0,22.0,18.0,0.00073672,0.3609291968533692
197,0,11,5,-22.0,22.0,22.0,0.00073672,0.36558133374470064
198,1,9,3,-18.0,14.0,14.0,0.00073672,0.3583258663137471
199,1,9,4,-18.0,14.0,18.0,0.00073672,0.3629405515660083
200,1,9,5,-18.0,14.0,22.0,0.00073672,0.3676677406727552
201,1,10,3,-18.0,18.0,14.0,0.00073672,0.3574890197408214
202,1,10,4,-18.0,18.0,18.0,0.00073672,0.36207275487065543
203,1,10,5,-18.0,18.0,22.0,0.00073672,0.3667674566629282
204,1,11,3,-18.0,22.0,14.0,0.00073672,0.35655157668261517
205,1,11,4,-18.0,22.0,18.0,0.00073672,0.3611007597162354
206,1,11,5,-18.0,22.0,22.0,0.00073672,0.3657592008163154
207,2,9,3,-14.0,14.0,14.0,0.00073672,0.358450614136108
208,2,9,4,-14.0,14.0,18.0,0.00073672,0.3630698878972547
209,2,9,5,-14.0,14.0,22.0,0.00073672,0.36780189178476397
210,2,10,3,-14.0,18.0,14.0,0.00073672,0.3576033652543648
211,2,10,4,-14.0,18.0,18.0,0.00073672,0.362191275347911
212,2,10,5,-14.0,18.0,22.0,0.00073672,0.3668903560066447
213,2,11,3,-14.0,22.0,14.0,0.00073672,0.35665545527596065
214,2,11,4,-14.0,22.0,18.0,0.00073672,0.361208395972792
215,2,11,5,-14.0,22.0,22.0,0.00073672,0.3658707760106638
216,3,0,0,-10.0,-22.0,2.0,0.00305328,0.34797945885573933
217,3,0,1,-10.0,-22.0,6.0,0.00305328,0.3523823420350135
218,3,0,2,-10.0,-22.0,10.0,0.00305328,0.35689144423039704
219,3,1,0,-10.0,-18.0,2.0,0.00305328,0.3480642063234898
220,3,1,1,-10.0,-18.0,6.0,0.00305328,0.3524701599098886
221,3,1,2,-10.0,-18.0,10.0,0.00305328,0.35698248250262415
222,3,2,0,-10.0,-14.0,2.0,0.00305328,0.3480523631043921
223,3,2,1,-10.0,-14.0,6.0,0.00305328,0.35245789186309934
224,3,2,2,-10.0,-14.0,10.0,0.00305328,0.35696976913902917
225,4,0,0,-6.0,-22.0,2.0,0.00305328,0.34805633352330545
226,4,0,1,-6.0,-22.0,6.0,0.00305328,0.35246200065152045
227,4,0,2,-6.0,-22.0,10.0,0.00305328,0.35697402271665474
228,4,1,0,-6.0,-18.0,2.0,0.00305328,0.3481326251885744
229,4,1,1,-6.0,-18.0,6.0,0.00305328,0.3525410578711782
230,4,1,2,-6.0,-18.0,10.0,0.00305328,0.357055980682379
231,4,2,0,-6.0,-14.0,2.0,0.00305328,0.34811227292780267
232,4,2,1,-6.0,-14.0,6.0,0.00305328,0.35251997268342483
233,4,2,2,-6.0,-14.0,10.0,0.00305328,0.3570341270397347
234,5,0,0,-2.0,-22.0,2.0,0.00305328,0.3480755862203232
235,5,0,1,-2.0,-22.0,6.0,0.00305328,0.35248194985735765
236,5,0,2,-2.0,-22.0,10.0,0.00305328,0.35699470239263625
237,5,1,0,-2.0,-18.0,2.0,0.00305328,0.3481433960023062
238,5,1,1,-2.0,-18.0,6.0,0.00305328,0.3525522187464834
239,5,1,2,-2.0,-18.0,10.0,0.00305328,0.35706755066368506
240,5,2,0,-2.0,-14.0,2.0,0.00305328,0.3481145496153626
241,5,2,1,-2.0,-14.0,6.0,0.00305328,0.35252233223923846
242,5,2,2,-2.0,-14.0,10.0,0.00305328,0.35703657353618184
243,3,0,3,-10.0,-22.0,14.0,0.0039528,0.3615106496127949
244,3,0,4,-10.0,-22.0,18.0,0.0039528,0.36624403373796505
245,3,0,5,-10.0,-22.0,22.0,0.0039528,0.3710958754598671
246,3,1,3,-10.0,-18.0,14.0,0.0039528,0.3616050675354965
247,3,1,4,-10.0,-18.0,18.0,0.0039528,0.3663420005215073
248,3,1,5,-10.0,-18.0,22.0,0.0039528,0.37119757102760614
249,3,2,3,-10.0,-14.0,14.0,0.0039528,0.36159188712051754
250,3,2,4,-10.0,-14.0,18.0,0.0039528,0.3663283299834912
251,3,2,5,-10.0,-14.0,22.0,0.0039528,0.3711833858583226
252,4,0,3,-6.0,-22.0,14.0,0.0039528,0.36159629227794365
253,4,0,4,-6.0,-22.0,18.0,0.0039528,0.3663328939077221
254,4,0,5,-6.0,-22.0,22.0,0.0039528,0.37118811616037134
255,4,1,3,-6.0,-18.0,14.0,0.0039528,0.36168129453749653
256,4,1,4,-6.0,-18.0,18.0,0.0039528,0.3664210929919473
257,4,1,5,-6.0,-18.0,22.0,0.0039528,0.371279674265703
258,4,2,3,-6.0,-14.0,14.0,0.0039528,0.36165863473878934
259,4,2,4,-6.0,-14.0,18.0,0.0039528,0.36639758700168007
260,4,2,5,-6.0,-14.0,22.0,0.0039528,0.37125527953894977
261,5,0,3,-2.0,-22.0,14.0,0.0039528,0.3616177384779374
262,5,0,4,-2.0,-22.0,18.0,0.0039528,0.3663551449346118
263,5,0,5,-2.0,-22.0,22.0,0.0039528,0.371211212736212
264,5,1,3,-2.0,-18.0,14.0,0.0039528,0.36169329384459215
265,5,1,4,-2.0,-18.0,18.0,0.0039528,0.3664335431080336
266,5,1,5,-2.0,-18.0,22.0,0.0039528,0.3712925980331915
267,5,2,3,-2.0,-14.0,14.0,0.0039528,0.3616611725015855
268,5,2,4,-2.0,-14.0,18.0,0.0039528,0.3664002206290782
269,5,2,5,-2.0,-14.0,22.0,0.0039528,0.371258013922588
270,3,3,0,-10.0,-10.0,2.0,0.00577337,0.34794394848780735
271,3,3,1,-10.0,-10.0,6.0,0.00577337,0.35234555834427106
272,3,3,2,-10.0,-10.0,10.0,0.00577337,0.3568533258339678
273,3,4,0,-10.0,-6.0,2.0,0.00577337,0.34773914177226933
274,3,4,1,-10.0,-6.0,6.0,0.00577337,0.35213334955565395
275,3,4,2,-10.0,-6.0,10.0,0.00577337,0.35663335449763045
276,3,5,0,-10.0,-2.0,2.0,0.00577337,0.34743828152679285
277,3,5,1,-10.0,-2.0,6.0,0.00577337,0.3518216246499162
278,3,5,2,-10.0,-2.0,10.0,0.00577337,0.35631023638415205
279,4,3,0,-6.0,-10.0,2.0,0.00577337,0.3479953037769682
280,4,3,1,-6.0,-10.0,6.0,0.00577337,0.3523987737558315
281,4,3,2,-6.0,-10.0,10.0,0.00577337,0.35690849220712095
282,4,4,0,-6.0,-6.0,2.0,0.00577337,0.3477819049057988
283,4,4,1,-6.0,-6.0,6.0,0.00577337,0.3521776596439002
284,4,4,2,-6.0,-6.0,10.0,0.00577337,0.3566792869659415
285,4,5,0,-6.0,-2.0,2.0,0.00577337,0.3474724228568013
286,4,5,1,-6.0,-2.0,6.0,0.00577337,0.3518569979646955
287,4,5,2,-6.0,-2.0,10.0,0.00577337,0.3563469015622788
288,5,3,0,-2.0,-10.0,2.0,0.00577337,0.3479890818118231
289,5,3,1,-2.0,-10.0,6.0,0.00577337,0.35239232718830027
290,5,3,2,-2.0,-10.0,10.0,0.00577337,0.3569018101168797
291,5,4,0,-2.0,-6.0,2.0,0.00577337,0.3477671874910034
292,5,4,1,-2.0,-6.0,6.0,0.00577337,0.3521624103486232
293,5,4,2,-2.0,-6.0,10.0,0.00577337,0.3566634798911434
294,5,5,0,-2.0,-2.0,2.0,0.00577337,0.3474492209166343
295,5,5,1,-2.0,-2.0,6.0,0.00577337,0.35183295752767096
296,5,5,2,-2.0,-2.0,10.0,0.00577337,0.3563219817992468
297,3,3,3,-10.0,-10.0,14.0,0.00694797,0.3614711313986081
298,3,3,4,-10.0,-10.0,18.0,0.00694797,0.3662030465907039
299,3,3,5,-10.0,-10.0,22.0,0.00694797,0.3710533459632173
300,3,4,3,-10.0,-6.0,14.0,0.00694797,0.3612430148621455
301,3,4,4,-10.0,-6.0,18.0,0.00694797,0.3659663783689107
302,3,4,5,-10.0,-6.0,22.0,0.00694797,0.3708076939374751
303,3,5,3,-10.0,-2.0,14.0,0.00694797,0.3609079425164162
304,3,5,4,-10.0,-2.0,18.0,0.00694797,0.3656187558695315
305,3,5,5,-10.0,-2.0,22.0,0.00694797,0.3704468878336075
306,4,3,3,-6.0,-10.0,14.0,0.00694797,0.3615283451805355
307,4,3,4,-6.0,-10.0,18.0,0.00694797,0.36626241025673345
308,4,3,5,-6.0,-10.0,22.0,0.00694797,0.3711149684742071
309,4,4,3,-6.0,-6.0,14.0,0.00694797,0.36129064978324604
310,4,4,4,-6.0,-6.0,18.0,0.00694797,0.3660158008103966
311,4,4,5,-6.0,-6.0,22.0,0.00694797,0.3708589943398558
312,4,5,3,-6.0,-2.0,14.0,0.00694797,0.3609459631117782
313,4,5,4,-6.0,-2.0,18.0,0.00694797,0.3656581993848036
314,4,5,5,-6.0,-2.0,22.0,0.00694797,0.3704878260178102
315,5,3,3,-2.0,-10.0,14.0,0.00694797,0.36152141597677373
316,5,3,4,-2.0,-10.0,18.0,0.00694797,0.3662552216283076
317,5,3,5,-2.0,-10.0,22.0,0.00694797,0.3711075073353214
318,5,4,3,-2.0,-6.0,14.0,0.00694797,0.36127425743682207
319,5,4,4,-2.0,-6.0,18.0,0.00694797,0.36599879398829327
320,5,4,5,-2.0,-6.0,22.0,0.00694797,0.3708413419968223
321,5,5,3,-2.0,-2.0,14.0,0.00694797,0.36092012068207135
322,5,5,4,-2.0,-2.0,18.0,0.00694797,0.36563138824889047
323,5,5,5,-2.0,-2.0,22.0,0.00694797,0.37045999723344164
324,3,6,0,-10.0,2.0,2.0,0.00562412,0.34704186419570177
325,3,6,1,-10.0,2.0,6.0,0.00562412,0.351410910215183
326,3,6,2,-10.0,2.0,10.0,0.00562412,0.35588453044479584
327,3,7,0,-10.0,6.0,2.0,0.00562412,0.3465505420576322
328,3,7,1,-10.0,6.0,6.0,0.00562412,0.35090189805901
329,3,7,2,-10.0,6.0,10.0,0.00562412,0.35535697091967955
330,3,8,0,-10.0,10.0,2.0,0.00562412,0.3459651205543374
331,3,8,1,-10.0,10.0,6.0,0.00562412,0.3502954423087088
332,3,8,2,-10.0,10.0,10.0,0.00562412,0.35472846418709425
333,4,6,0,-6.0,2.0,2.0,0.00562412,0.34706736212714995
334,4,6,1,-6.0,2.0,6.0,0.00562412,0.35143732385688614
335,4,6,2,-6.0,2.0,10.0,0.00562412,0.35591190403309414
336,4,7,0,-6.0,6.0,2.0,0.00562412,0.34656738310440205
337,4,7,1,-6.0,6.0,6.0,0.00562412,0.3509193377394078
338,4,7,2,-6.0,6.0,10.0,0.00562412,0.3553750377702223
339,4,8,0,-6.0,10.0,2.0,0.00562412,0.345973299371633
340,4,8,1,-6.0,10.0,6.0,0.00562412,0.3503039023860497
341,4,8,2,-6.0,10.0,10.0,0.00562412,0.35473721834165856
342,5,6,0,-2.0,2.0,2.0,0.00562412,0.3470356942773573
343,5,6,1,-2.0,2.0,6.0,0.00562412,0.35140451202223466
344,5,6,2,-2.0,2.0,10.0,0.00562412,0.35587789253720287
345,5,7,0,-2.0,6.0,2.0,0.00562412,0.3465272756010873
346,5,7,1,-2.0,6.0,6.0,0.00562412,0.35087778235387973
347,5,7,2,-2.0,6.0,10.0,0.00562412,0.3553319640956487
348,5,8,0,-2.0,10.0,2.0,0.00562412,0.3459247860391484
349,5,8,1,-2.0,10.0,6.0,0.00562412,0.3502536393207531
350,5,8,2,-2.0,10.0,10.0,0.00562412,0.3546851205563683
351,3,6,3,-10.0,2.0,14.0,0.00684408,0.36046650808788994
352,3,6,4,-10.0,2.0,18.0,0.00684408,0.3651608102182063
353,3,6,5,-10.0,2.0,22.0,0.00684408,0.3699715990339115
354,3,7,3,-10.0,6.0,14.0,0.00684408,0.35991949140427193
355,3,7,4,-10.0,6.0,18.0,0.00684408,0.3645933702617515
356,3,7,5,-10.0,6.0,22.0,0.00684408,0.36938270914031734
357,3,8,3,-10.0,10.0,14.0,0.00684408,0.3592678549677243
358,3,8,4,-10.0,10.0,18.0,0.00684408,0.36391745883734544
359,3,8,5,-10.0,10.0,22.0,0.00684408,0.3686813059083823
360,4,6,3,-6.0,2.0,14.0,0.00684408,0.36049488855410006
361,4,6,4,-6.0,2.0,18.0,0.00684408,0.36519024738734635
362,4,6,5,-6.0,2.0,22.0,0.00684408,0.37000214584078167
363,4,7,3,-6.0,6.0,14.0,0.00684408,0.3599382156712185
364,4,7,4,-6.0,6.0,18.0,0.00684408,0.36461278402470626
365,4,7,5,-6.0,6.0,22.0,0.00684408,0.3694028464462117
366,4,8,3,-6.0,10.0,14.0,0.00684408,0.3592769167398413
367,4,8,4,-6.0,10.0,18.0,0.00684408,0.3639268425386726
368,4,8,5,-6.0,10.0,22.0,0.00684408,0.36869102667381837
369,5,6,3,-2.0,2.0,14.0,0.00684408,0.3604596182978272
370,5,6,4,-2.0,2.0,18.0,0.00684408,0.3651536555936393
371,5,6,5,-2.0,2.0,22.0,0.00684408,0.369964165777061
372,5,7,3,-2.0,6.0,14.0,0.00684408,0.3598935489768919
373,5,7,4,-2.0,6.0,18.0,0.00684408,0.36456644493403917
374,5,7,5,-2.0,6.0,22.0,0.00684408,0.36935475058655126
375,5,8,3,-2.0,10.0,14.0,0.00684408,0.35922289403528346
376,5,8,4,-2.0,10.0,18.0,0.00684408,0.36387079911606324
377,5,8,5,-2.0,10.0,22.0,0.00684408,0.3686328607133965
378,3,9,0,-10.0,14.0,2.0,0.00306407,0.3452865550095224
379,3,9,1,-10.0,14.0,6.0,0.00306407,0.34959255585058346
380,3,9,2,-10.0,14.0,10.0,0.00306407,0.35400008489548246
381,3,10,0,-10.0,18.0,2.0,0.00306407,0.3445159467624589
382,3,10,1,-10.0,18.0,6.0,0.00306407,0.3487944061353663
383,3,10,2,-10.0,18.0,10.0,0.00306407,0.35317307140877424
384,3,11,0,-10.0,22.0,2.0,0.00306407,0.3436545387452657
385,3,11,1,-10.0,22.0,6.0,0.00306407,0.34790231038211633
386,3,11,2,-10.0,22.0,10.0,0.00306407,0.3522488206004545
387,4,9,0,-6.0,14.0,2.0,0.00306407,0.3452860744024198
388,4,9,1,-6.0,14.0,6.0,0.00306407,0.3495920393386968
389,4,9,2,-6.0,14.0,10.0,0.00306407,0.35399952959537995
390,4,10,0,-6.0,18.0,2.0,0.00306407,0.3445068176706561
391,4,10,1,-6.0,18.0,6.0,0.00306407,0.3487849246869102
392,4,10,2,-6.0,18.0,10.0,0.00306407,0.35316321907631004
393,4,11,0,-6.0,22.0,2.0,0.00306407,0.3436367802040716
394,4,11,1,-6.0,22.0,6.0,0.00306407,0.3478838842459676
395,4,11,2,-6.0,22.0,10.0,0.00306407,0.3522296927923678
396,5,9,0,-2.0,14.0,2.0,0.00306407,0.34522919654066864
397,5,9,1,-2.0,14.0,6.0,0.00306407,0.3495331123885176
398,5,9,2,-2.0,14.0,10.0,0.00306407,0.35393845417181913
399,5,10,0,-2.0,18.0,2.0,0.00306407,0.34444162394225253
400,5,10,1,-2.0,18.0,6.0,0.00306407,0.3487173854481051
401,5,10,2,-2.0,18.0,10.0,0.00306407,0.3530932207585107
402,5,11,0,-2.0,22.0,2.0,0.00306407,0.34356332650211585
403,5,11,1,-2.0,22.0,6.0,0.00306407,0.34780779197268863
404,5,11,2,-2.0,22.0,10.0,0.00306407,0.35215083444018963
405,3,9,3,-10.0,14.0,14.0,0.00403229,0.358512739749161
406,3,9,4,-10.0,14.0,18.0,0.00403229,0.36313428819504356
407,3,9,5,-10.0,14.0,22.0,0.00403229,0.367868678260164
408,3,10,3,-10.0,18.0,14.0,0.00403229,0.3576554602376202
409,3,10,4,-10.0,18.0,18.0,0.00403229,0.3622452546115796
410,3,10,5,-10.0,18.0,22.0,0.00403229,0.36694631041817044
411,3,11,3,-10.0,22.0,14.0,0.00403229,0.35669749878431206
412,3,11,4,-10.0,22.0,18.0,0.00403229,0.36125193223947694
413,3,11,5,-10.0,22.0,22.0,0.00403229,0.3659158752096767
414,4,9,3,-6.0,14.0,14.0,0.00403229,0.3585121425158558
415,4,9,4,-6.0,14.0,18.0,0.00403229,0.36313364559508987
416,4,9,5,-6.0,14.0,22.0,0.00403229,0.36786798654170316
417,4,10,3,-6.0,18.0,14.0,0.00403229,0.3576452172528816
418,4,10,4,-6.0,18.0,18.0,0.00403229,0.3622345998639624
419,4,10,5,-6.0,18.0,22.0,0.00403229,0.36693522134358125
420,4,11,3,-6.0,22.0,14.0,0.00403229,0.35667763301570576
421,4,11,4,-6.0,22.0,18.0,0.00403229,0.3612312898351608
422,4,11,5,-6.0,22.0,22.0,0.00403229,0.3658944149165254
423,5,9,3,-2.0,14.0,14.0,0.00403229,0.358448813149426
424,5,9,4,-2.0,14.0,18.0,0.00403229,0.3630679502804125
425,5,9,5,-2.0,14.0,22.0,0.00403229,0.36779980624659886
426,5,10,3,-2.0,18.0,14.0,0.00403229,0.35757263934895966
427,5,10,4,-2.0,18.0,18.0,0.00403229,0.36215931441473903
428,5,10,5,-2.0,18.0,22.0,0.00403229,0.3668570923795132
429,5,11,3,-2.0,22.0,14.0,0.00403229,0.3565958733054308
430,5,11,4,-2.0,22.0,18.0,0.00403229,0.3611464851424326
431,5,11,5,-2.0,22.0,22.0,0.00403229,0.36580641264835845
432,6,0,0,2.0,-22.0,2.0,0.00318497,0.3480371968296253
433,6,0,1,2.0,-22.0,6.0,0.00318497,0.35244216830908354
434,6,0,2,2.0,-22.0,10.0,0.00318497,0.35695346059793326
435,6,1,0,2.0,-18.0,2.0,0.00318497,0.3480965085608877
436,6,1,1,2.0,-18.0,6.0,0.00318497,0.3525036317092835
437,6,1,2,2.0,-18.0,10.0,0.00318497,0.3570171809511751
438,6,2,0,2.0,-14.0,2.0,0.00318497,0.34805919290125303
439,6,2,1,2.0,-14.0,6.0,0.00318497,0.3524649702476803
440,6,2,2,2.0,-14.0,10.0,0.00318497,0.35697710832710056
441,7,0,0,6.0,-22.0,2.0,0.00318497,0.3479412245301907
442,7,0,1,6.0,-22.0,6.0,0.00318497,0.3523427188009678
443,7,0,2,6.0,-22.0,10.0,0.00318497,0.356850364010221
444,7,1,0,6.0,-18.0,2.0,0.00318497,0.3479920319701002
445,7,1,1,6.0,-18.0,6.0,0.00318497,0.35239537008536753
446,7,1,2,6.0,-18.0,10.0,0.00318497,0.35690494940345263
447,7,2,0,6.0,-14.0,2.0,0.00318497,0.34794628175533215
448,7,2,1,6.0,-14.0,6.0,0.00318497,0.3523479704979213
449,7,2,2,6.0,-14.0,10.0,0.00318497,0.3568558203779345
450,8,0,0,10.0,-22.0,2.0,0.00318497,0.34778780755642863
451,8,0,1,10.0,-22.0,6.0,0.00318497,0.35218374800346725
452,8,0,2,10.0,-22.0,10.0,0.00318497,0.3566855683608377
453,8,1,0,10.0,-18.0,2.0,0.00318497,0.34783011437228567
454,8,1,1,10.0,-18.0,6.0,0.00318497,0.35222759105622775
455,8,1,2,10.0,-18.0,10.0,0.00318497,0.3567310229105416
456,8,2,0,10.0,-14.0,2.0,0.00318497,0.347775974078142
457,8,2,1,10.0,-14.0,6.0,0.00318497,0.3521715005198178
458,8,2,2,10.0,-14.0,10.0,0.00318497,0.35667288756052123
459,6,0,3,2.0,-22.0,14.0,0.00386096,0.36157496413682266
460,6,0,4,2.0,-22.0,18.0,0.00386096,0.36631076121975714
461,6,0,5,2.0,-22.0,22.0,0.00386096,0.3711651379487049
462,6,1,3,2.0,-18.0,14.0,0.00386096,0.36164105324243123
463,6,1,4,2.0,-18.0,18.0,0.00386096,0.3663793378818084
464,6,1,5,2.0,-18.0,22.0,0.00386096,0.37123632850902516
465,6,2,3,2.0,-14.0,14.0,0.00386096,0.3615995000877936
466,6,2,4,2.0,-14.0,18.0,0.00386096,0.36633623052310993
467,6,2,5,2.0,-14.0,22.0,0.00386096,0.3711915886434528
468,7,0,3,6.0,-22.0,14.0,0.00386096,0.3614680401072601
469,7,0,4,6.0,-22.0,18.0,0.00386096,0.3661998181082373
470,7,0,5,6.0,-22.0,22.0,0.00386096,0.37104997198125533
471,7,1,3,6.0,-18.0,14.0,0.00386096,0.36152465546261076
472,7,1,4,6.0,-18.0,18.0,0.00386096,0.3662585652881687
473,7,1,5,6.0,-18.0,22.0,0.00386096,0.37111095931493343
474,7,2,3,6.0,-14.0,14.0,0.00386096,0.36147371202729306
475,7,2,4,6.0,-14.0,18.0,0.00386096,0.3662057172006084
476,7,2,5,6.0,-14.0,22.0,0.00386096,0.3710561106657263
477,8,0,3,10.0,-22.0,14.0,0.00386096,0.36129713186090123
478,8,0,4,10.0,-22.0,18.0,0.00386096,0.36602249155165706
479,8,0,5,10.0,-22.0,22.0,0.00386096,0.370865902071286
480,8,1,3,10.0,-18.0,14.0,0.00386096,0.3613442778315432
481,8,1,4,10.0,-18.0,18.0,0.00386096,0.36607141388223036
482,8,1,5,10.0,-18.0,22.0,0.00386096,0.37091669109801245
483,8,2,3,10.0,-14.0,14.0,0.00386096,0.36128399730874194
484,8,2,4,10.0,-14.0,18.0,0.00386096,0.3660088816104467
485,8,2,5,10.0,-14.0,22.0,0.00386096,0.3708517938173737
486,6,3,0,2.0,-10.0,2.0,0.000133362,0.34792529227348756
487,6,3,1,2.0,-10.0,6.0,0.000133362,0.35232622891218746
488,6,3,2,2.0,-10.0,10.0,0.000133362,0.35683329046663675
489,6,4,0,2.0,-6.0,2.0,0.000133362,0.34769500914912344
490,6,4,1,2.0,-6.0,6.0,0.000133362,0.35208762248631315
491,6,4,2,2.0,-6.0,10.0,0.000133362,0.3565859553733318
492,6,5,0,2.0,-2.0,2.0,0.000133362,0.3473687052452163
493,6,5,1,2.0,-2.0,6.0,0.000133362,0.3517495346769724
494,6,5,2,2.0,-2.0,10.0,0.000133362,0.356235510365317
495,7,3,0,6.0,-10.0,2.0,0.000133362,0.3478040239176898
496,7,3,1,6.0,-10.0,6.0,0.000133362,0.35220057309509184
497,7,3,2,6.0,-10.0,10.0,0.000133362,0.3567030332363028
498,7,4,0,6.0,-6.0,2.0,0.000133362,0.34756546832835594
499,7,4,1,6.0,-6.0,6.0,0.000133362,0.35195340050155866
500,7,4,2,6.0,-6.0,10.0,0.000133362,0.3564468242966114
501,7,5,0,6.0,-2.0,2.0,0.000133362,0.34723098387495893
502,7,5,1,6.0,-2.0,6.0,0.000133362,0.3516068440166263
503,7,5,2,6.0,-2.0,10.0,0.000133362,0.3560876089210248
504,8,3,0,10.0,-10.0,2.0,0.000133362,0.3476254442381937
505,8,3,1,10.0,-10.0,6.0,0.000133362,0.3520155374360708
506,8,3,2,10.0,-10.0,10.0,0.000133362,0.356511227084737
507,8,4,0,10.0,-6.0,2.0,0.000133362,0.34737874193614854
508,8,4,1,10.0,-6.0,6.0,0.000133362,0.3517599320676356
509,8,4,2,10.0,-6.0,10.0,0.000133362,0.3562462858948336
510,8,5,0,10.0,-2.0,2.0,0.000133362,0.34703624293346885
511,8,5,1,10.0,-2.0,6.0,0.000133362,0.35140508298397727
512,8,5,2,10.0,-2.0,10.0,0.000133362,0.3558784870468903
513,6,3,3,2.0,-10.0,14.0,0.000273327,0.3614503553709646
514,6,3,4,2.0,-10.0,18.0,0.000273327,0.366181493020788
515,6,3,5,2.0,-10.0,22.0,0.000273327,0.37103097564975246
516,6,4,3,2.0,-6.0,14.0,0.000273327,0.36119386130257564
517,6,4,4,2.0,-6.0,18.0,0.000273327,0.3659153828664603
518,6,4,5,2.0,-6.0,22.0,0.000273327,0.3707547634702294
519,6,5,3,2.0,-2.0,14.0,0.000273327,0.36083045057425445
520,6,5,4,2.0,-2.0,18.0,0.000273327,0.36553836004274126
521,6,5,5,2.0,-2.0,22.0,0.000273327,0.37036344146681094
522,7,3,3,6.0,-10.0,14.0,0.000273327,0.3613152695907329
523,7,3,4,6.0,-10.0,18.0,0.000273327,0.36604133738341377
524,7,3,5,6.0,-10.0,22.0,0.000273327,0.3708854936046736
525,7,4,3,6.0,-6.0,14.0,0.000273327,0.36104957918587927
526,7,4,4,6.0,-6.0,18.0,0.000273327,0.3657656926958274
527,7,4,5,6.0,-6.0,22.0,0.000273327,0.3705993920277017
528,7,5,3,6.0,-2.0,14.0,0.000273327,0.360677082032452
529,7,5,4,6.0,-2.0,18.0,0.000273327,0.36537925216758665
530,7,5,5,6.0,-2.0,22.0,0.000273327,0.3701983049009573
531,8,3,3,10.0,-10.0,14.0,0.000273327,0.3611163590749655
532,8,3,4,10.0,-10.0,18.0,0.000273327,0.3658349678278205
533,8,3,5,10.0,-10.0,22.0,0.000273327,0.37067128795698406
534,8,4,3,10.0,-6.0,14.0,0.000273327,0.3608416227451673
535,8,4,4,10.0,-6.0,18.0,0.000273327,0.3655499484994938
536,8,4,5,10.0,-6.0,22.0,0.000273327,0.37037546708108954
537,8,5,3,10.0,-2.0,14.0,0.000273327,0.3604602376861708
538,8,5,4,10.0,-2.0,18.0,0.000273327,0.36515430128745485
539,8,5,5,10.0,-2.0,22.0,0.000273327,0.369964839307705
540,6,6,0,2.0,2.0,2.0,0.000193428,0.3469469000648458
541,6,6,1,2.0,2.0,6.0,0.000193428,0.35131251652962997
542,6,6,2,2.0,2.0,10.0,0.000193428,0.3557825403526265
543,6,7,0,2.0,6.0,2.0,0.000193428,0.3464302687922768
544,6,7,1,2.0,6.0,6.0,0.000193428,0.35077728414296616
545,6,7,2,2.0,6.0,10.0,0.000193428,0.3552278053535497
546,6,8,0,2.0,10.0,2.0,0.000193428,0.3458196395587728
547,6,8,1,2.0,10.0,6.0,0.000193428,0.3501447157008634
548,6,8,2,2.0,10.0,10.0,0.000193428,0.3545722372697262
549,7,6,0,6.0,2.0,2.0,0.000193428,0.3468010969835431
550,7,6,1,6.0,2.0,6.0,0.000193428,0.3511614620093375
551,7,6,2,6.0,2.0,10.0,0.000193428,0.35562597977158045
552,7,7,0,6.0,6.0,2.0,0.000193428,0.34627648949671586
553,7,7,1,6.0,6.0,6.0,0.000193428,0.35061797761480434
554,7,7,2,6.0,6.0,10.0,0.000193428,0.3550627043066494
555,7,8,0,6.0,10.0,2.0,0.000193428,0.3456579959238871
556,7,8,1,6.0,10.0,6.0,0.000193428,0.34997727574944
557,7,8,2,6.0,10.0,10.0,0.000193428,0.3543987215379816
558,8,6,0,10.0,2.0,2.0,0.000193428,0.34659848017448974
559,8,6,1,10.0,2.0,6.0,0.000193428,0.35095155543838175
560,8,6,2,10.0,2.0,10.0,0.000193428,0.3554084304774183
561,8,7,0,10.0,6.0,2.0,0.000193428,0.3460661416496848
562,8,7,1,10.0,6.0,6.0,0.000193428,0.35040007904824894
563,8,7,2,10.0,6.0,10.0,0.000193428,0.35483689048274847
564,8,8,0,10.0,10.0,2.0,0.000193428,0.34544006763312074
565,8,8,1,10.0,10.0,6.0,0.000193428,0.3497515447966784
566,8,8,2,10.0,10.0,10.0,0.000193428,0.35416481246148784
567,6,6,3,2.0,2.0,14.0,0.000419641,0.36036074448439537
568,6,6,4,2.0,2.0,18.0,0.000419641,0.36505108498189615
569,6,6,5,2.0,2.0,22.0,0.000419641,0.36985771219547947
570,6,7,3,2.0,6.0,14.0,0.000419641,0.35978555023623693
571,6,7,4,2.0,6.0,18.0,0.000419641,0.36445441562359965
572,6,7,5,2.0,6.0,22.0,0.000419641,0.36923848819891253
573,6,8,3,2.0,10.0,14.0,0.000419641,0.3591058574303899
574,6,8,4,2.0,10.0,18.0,0.000419641,0.36374940359628505
575,6,8,5,2.0,10.0,22.0,0.000419641,0.3685068878448016
576,7,6,3,6.0,2.0,14.0,0.000419641,0.3601984076392218
577,7,6,4,6.0,2.0,18.0,0.000419641,0.3648826849322219
578,7,6,5,6.0,2.0,22.0,0.000419641,0.36968294400763696
579,7,7,3,6.0,6.0,14.0,0.000419641,0.35961437108070676
580,7,7,4,6.0,6.0,18.0,0.000419641,0.36427685726158876
581,7,7,5,6.0,6.0,22.0,0.000419641,0.3690542307155725
582,7,8,3,6.0,10.0,14.0,0.000419641,0.35892596947024563
583,7,8,4,6.0,10.0,18.0,0.000419641,0.3635628287262614
584,7,8,5,6.0,10.0,22.0,0.000419641,0.3683132917929333
585,8,6,3,10.0,2.0,14.0,0.000419641,0.3599728410977256
586,8,6,4,10.0,2.0,18.0,0.000419641,0.364648703460852
587,8,6,5,10.0,2.0,22.0,0.000419641,0.3694401250307004
588,8,7,3,10.0,6.0,14.0,0.000419641,0.35938025527073164
589,8,7,4,10.0,6.0,18.0,0.000419641,0.3640340289107144
590,8,7,5,10.0,6.0,22.0,0.000419641,0.3688022536659815
591,8,8,3,10.0,10.0,14.0,0.000419641,0.35868348404472594
592,8,8,4,10.0,10.0,18.0,0.000419641,0.36331134429368933
593,8,8,5,10.0,10.0,22.0,0.000419641,0.36805235944939313
594,6,9,0,2.0,14.0,2.0,0.00460504,0.3451159900996655
595,6,9,1,2.0,14.0,6.0,0.00460504,0.34941584784463886
596,6,9,2,2.0,14.0,10.0,0.00460504,0.35381693594543995
597,6,10,0,2.0,18.0,2.0,0.00460504,0.3443204438277433
598,6,10,1,2.0,18.0,6.0,0.00460504,0.34859187141324194
599,6,10,2,2.0,18.0,10.0,0.00460504,0.3529631645420912
600,6,11,0,2.0,22.0,2.0,0.00460504,0.3434342653522686
601,6,11,1,2.0,22.0,6.0,0.00460504,0.3476741265839755
602,6,11,2,2.0,22.0,10.0,0.00460504,0.35201234426385625
603,7,9,0,6.0,14.0,2.0,0.00460504,0.34494660008429634
604,7,9,1,6.0,14.0,6.0,0.00460504,0.3492403994680919
605,7,9,2,6.0,14.0,10.0,0.00460504,0.3536351380739128
606,7,10,0,6.0,18.0,2.0,0.00460504,0.34414343116804874
607,7,10,1,6.0,18.0,6.0,0.00460504,0.34840854569106644
608,7,10,2,6.0,18.0,10.0,0.00460504,0.3527732234796322
609,7,11,0,6.0,22.0,2.0,0.00460504,0.3432497592442975
610,7,11,1,6.0,22.0,6.0,0.00460504,0.34748306033337995
611,7,11,2,6.0,22.0,10.0,0.00460504,0.35181440499073446
612,8,9,0,10.0,14.0,2.0,0.00460504,0.3447212473148574
613,8,9,1,10.0,14.0,6.0,0.00460504,0.34900700137835583
614,8,9,2,10.0,14.0,10.0,0.00460504,0.35339330894565585
615,8,10,0,10.0,18.0,2.0,0.00460504,0.34391081485342945
616,8,10,1,10.0,18.0,6.0,0.00460504,0.3481676509175545
617,8,10,2,10.0,18.0,10.0,0.00460504,0.35252365495170485
618,8,11,0,10.0,22.0,2.0,0.00460504,0.34301004487764564
619,8,11,1,10.0,22.0,6.0,0.00460504,0.34723484409086114
620,8,11,2,10.0,22.0,10.0,0.00460504,0.35155728268722797
621,6,9,3,2.0,14.0,14.0,0.00555124,0.3583228337801348
622,6,9,4,2.0,14.0,18.0,0.00555124,0.36293728955371657
623,6,9,5,2.0,14.0,22.0,0.00555124,0.36766423024512407
624,6,10,3,2.0,18.0,14.0,0.00555124,0.35743782008383707
625,6,10,4,2.0,18.0,18.0,0.00555124,0.3620194977051781
626,6,10,5,2.0,18.0,22.0,0.00555124,0.366712029299155
627,6,11,3,2.0,22.0,14.0,0.00555124,0.3564523244947612
628,6,11,4,2.0,22.0,18.0,0.00555124,0.36099762958394166
629,6,11,5,2.0,22.0,22.0,0.00555124,0.3656519869100703
630,7,9,3,6.0,14.0,14.0,0.00555124,0.35813437765793593
631,7,9,4,6.0,14.0,18.0,0.00555124,0.3627418475135543
632,7,9,5,6.0,14.0,22.0,0.00555124,0.367461454307521
633,7,10,3,6.0,18.0,14.0,0.00555124,0.3572409431879966
634,7,10,4,6.0,18.0,18.0,0.00555124,0.3618153449415287
635,7,10,5,6.0,18.0,22.0,0.00555124,0.3665002396525771
636,7,11,3,6.0,22.0,14.0,0.00555124,0.35624718055567195
637,7,11,4,6.0,22.0,18.0,0.00555124,0.3607849292138066
638,7,11,5,6.0,22.0,22.0,0.00555124,0.36543135674887284
639,8,9,3,10.0,14.0,14.0,0.00555124,0.3578837084931311
640,8,9,4,10.0,14.0,18.0,0.00555124,0.3624819043365639
641,8,9,5,10.0,14.0,22.0,0.00555124,0.3671917763218034
642,8,10,3,10.0,18.0,14.0,0.00555124,0.35698228187084874
643,8,10,4,10.0,18.0,18.0,0.00555124,0.3615471463401278
644,8,10,5,10.0,18.0,22.0,0.00555124,0.3662220319442626
645,8,11,3,10.0,22.0,14.0,0.00555124,0.3559807238642363
646,8,11,4,10.0,22.0,18.0,0.00555124,0.3605086839269647
647,8,11,5,10.0,22.0,22.0,0.00555124,0.36514484089307964
648,9,0,0,14.0,-22.0,2.0,6.96925e-05,0.3475771626613937
649,9,0,1,14.0,-22.0,6.0,6.96925e-05,0.3519654858800478
650,9,0,2,14.0,-22.0,10.0,6.96925e-05,0.35645931780061163
651,9,1,0,14.0,-18.0,2.0,6.96925e-05,0.3476109823774652
652,9,1,1,14.0,-18.0,6.0,6.96925e-05,0.3520005350410487
653,9,1,2,14.0,-18.0,10.0,6.96925e-05,0.356495656721845
654,9,2,0,14.0,-14.0,2.0,6.96925e-05,0.34754850610065474
655,9,2,1,14.0,-14.0,6.0,6.96925e-05,0.351935810931946
656,9,2,2,14.0,-14.0,10.0,6.96925e-05,0.3564285759441416
657,10,0,0,18.0,-22.0,2.0,6.96925e-05,0.3473095842878617
658,10,0,1,18.0,-22.0,6.0,6.96925e-05,0.35168824478685723
659,10,0,2,18.0,-22.0,10.0,6.96925e-05,0.3561719439210325
660,10,1,0,18.0,-18.0,2.0,6.96925e-05,0.34733494020274525
661,10,1,1,18.0,-18.0,6.0,6.96925e-05,0.35171452476201187
662,10,1,2,18.0,-18.0,10.0,6.96925e-05,0.35619919342996453
663,10,2,0,18.0,-14.0,2.0,6.96925e-05,0.34726419149328563
664,10,2,1,18.0,-14.0,6.0,6.96925e-05,0.3516412344737996
665,10,2,2,18.0,-14.0,10.0,6.96925e-05,0.35612323874341634
666,11,0,0,22.0,-22.0,2.0,6.96925e-05,0.3469854434533731
667,11,0,1,22.0,-22.0,6.0,6.96925e-05,0.35135241826194596
668,11,0,2,22.0,-22.0,10.0,6.96925e-05,0.35582386443806074
669,11,1,0,22.0,-18.0,2.0,6.96925e-05,0.3470023685264062
670,11,1,1,22.0,-18.0,6.0,6.96925e-05,0.3513699639998362
671,11,1,2,22.0,-18.0,10.0,6.96925e-05,0.3558420616179522
672,11,2,0,22.0,-14.0,2.0,6.96925e-05,0.3469234201904216
673,11,2,1,22.0,-14.0,6.0,6.96925e-05,0.35128818472947626
674,11,2,2,22.0,-14.0,10.0,6.96925e-05,0.35575731493098217
675,9,0,3,14.0,-22.0,14.0,0.000127007,0.36106249879816427
676,9,0,4,14.0,-22.0,18.0,0.000127007,0.3657790573560189
677,9,0,5,14.0,-22.0,22.0,0.000127007,0.370613221689865
678,9,1,3,14.0,-18.0,14.0,0.000127007,0.3611001915390206
679,9,1,4,14.0,-18.0,18.0,0.000127007,0.36581817200231104
680,9,1,5,14.0,-18.0,22.0,0.000127007,0.37065383066137914
681,9,2,3,14.0,-14.0,14.0,0.000127007,0.3610306386079553
682,9,2,4,14.0,-14.0,18.0,0.000127007,0.3657460242927826
683,9,2,5,14.0,-14.0,22.0,0.000127007,0.37057895787314993
684,10,0,3,18.0,-22.0,14.0,0.000127007,0.36076449318285714
685,10,0,4,18.0,-22.0,18.0,0.000127007,0.3654698900210849
686,10,0,5,18.0,-22.0,22.0,0.000127007,0.37029232927585787
687,10,1,3,18.0,-18.0,14.0,0.000127007,0.36079276053218473
688,10,1,4,18.0,-18.0,18.0,0.000127007,0.36549922656507383
689,10,1,5,18.0,-18.0,22.0,0.000127007,0.3703227896501527
690,10,2,3,18.0,-14.0,14.0,0.000127007,0.36071401114294166
691,10,2,4,18.0,-14.0,18.0,0.000127007,0.36541754413179456
692,10,2,5,18.0,-14.0,22.0,0.000127007,0.370238027194418
693,11,0,3,22.0,-22.0,14.0,0.000127007,0.36040355871008195
694,11,0,4,22.0,-22.0,18.0,0.000127007,0.3650954611805264
695,11,0,5,22.0,-22.0,22.0,0.000127007,0.36990372653518344
696,11,1,3,22.0,-18.0,14.0,0.000127007,0.36042244004374946
697,11,1,4,22.0,-18.0,18.0,0.000127007,0.3651150614623692
698,11,1,5,22.0,-18.0,22.0,0.000127007,0.3699240828035743
699,11,2,3,22.0,-14.0,14.0,0.000127007,0.3603345811644386
700,11,2,4,22.0,-14.0,18.0,0.000127007,0.36502393671171707
701,11,2,5,22.0,-14.0,22.0,0.000127007,0.369829528936809
702,9,3,0,14.0,-10.0,2.0,4.06186e-05,0.34738979883607046
703,9,3,1,14.0,-10.0,6.0,4.06186e-05,0.3517713824806053
704,9,3,2,14.0,-10.0,10.0,4.06186e-05,0.3562581486048385
705,9,4,0,14.0,-6.0,2.0,4.06186e-05,0.3471350846788248
706,9,4,1,14.0,-6.0,6.0,4.06186e-05,0.3515074873693008
707,9,4,2,14.0,-6.0,10.0,4.06186e-05,0.35598462697195465
708,9,5,0,14.0,-2.0,2.0,4.06186e-05,0.34678474595453845
709,9,5,1,14.0,-2.0,6.0,4.06186e-05,0.35114453110149596
710,9,5,2,14.0,-2.0,10.0,4.06186e-05,0.35560844143010223
711,10,3,0,18.0,-10.0,2.0,4.06186e-05,0.34709741049943743
712,10,3,1,18.0,-10.0,6.0,4.06186e-05,0.3514684506211001
713,10,3,2,18.0,-10.0,10.0,4.06186e-05,0.35594416123714495
714,10,4,0,18.0,-6.0,2.0,4.06186e-05,0.34683482811342115
715,10,4,1,18.0,-6.0,6.0,4.06186e-05,0.3511964180731632
716,10,4,2,18.0,-6.0,10.0,4.06186e-05,0.3556622207827759
717,10,5,0,18.0,-2.0,2.0,4.06186e-05,0.34647683290334236
718,10,5,1,18.0,-2.0,6.0,4.06186e-05,0.35082554891836626
719,10,5,2,18.0,-2.0,10.0,4.06186e-05,0.35527785471424933
720,11,3,0,22.0,-10.0,2.0,4.06186e-05,0.3467486780002656
721,11,3,1,22.0,-10.0,6.0,4.06186e-05,0.3511071647905154
722,11,3,2,22.0,-10.0,10.0,4.06186e-05,0.3555697138499076
723,11,4,0,22.0,-6.0,2.0,4.06186e-05,0.34647837941839177
724,11,4,1,22.0,-6.0,6.0,4.06186e-05,0.35082715599308373
725,11,4,2,22.0,-6.0,10.0,4.06186e-05,0.3552795255826763
726,11,5,0,22.0,-2.0,2.0,4.06186e-05,0.3461129189229061
727,11,5,1,22.0,-2.0,6.0,4.06186e-05,0.35044857664968926
728,11,5,2,22.0,-2.0,10.0,4.06186e-05,0.35488719402074004
729,9,3,3,14.0,-10.0,14.0,4.00098e-05,0.36085391766312835
730,9,3,4,14.0,-10.0,18.0,4.00098e-05,0.3655626967448234
731,9,3,5,14.0,-10.0,22.0,4.00098e-05,0.3703886910701191
732,9,4,3,14.0,-6.0,14.0,4.00098e-05,0.3605702966434222
733,9,4,4,14.0,-6.0,18.0,4.00098e-05,0.36526847414846564
734,9,4,5,14.0,-6.0,22.0,4.00098e-05,0.37008333317852915
735,9,5,3,14.0,-2.0,14.0,4.00098e-05,0.3601802326653782
736,9,5,4,14.0,-2.0,18.0,4.00098e-05,0.36486384236526415
737,9,5,5,14.0,-2.0,22.0,4.00098e-05,0.3696634009967136
738,10,3,3,18.0,-10.0,14.0,4.00098e-05,0.3605283314130316
739,10,3,4,18.0,-10.0,18.0,4.00098e-05,0.36522493451663146
740,10,3,5,18.0,-10.0,22.0,4.00098e-05,0.3700381395097588
741,10,4,3,18.0,-6.0,14.0,4.00098e-05,0.3602359973304494
742,10,4,4,18.0,-6.0,18.0,4.00098e-05,0.36492169103531624
743,10,4,5,18.0,-6.0,22.0,4.00098e-05,0.3697234385584169
744,10,5,3,18.0,-2.0,14.0,4.00098e-05,0.3598374733490647
745,10,5,4,18.0,-2.0,18.0,4.00098e-05,0.36450830730008504
746,10,5,5,18.0,-2.0,22.0,4.00098e-05,0.3692944493299169
747,11,3,3,22.0,-10.0,14.0,4.00098e-05,0.3601400770561138
748,11,3,4,22.0,-10.0,18.0,4.00098e-05,0.36482218783462833
749,11,3,5,22.0,-10.0,22.0,4.00098e-05,0.369620172209973
750,11,4,3,22.0,-6.0,14.0,4.00098e-05,0.35983921146525594
751,11,4,4,22.0,-6.0,18.0,4.00098e-05,0.364510116356342
752,11,4,5,22.0,-6.0,22.0,4.00098e-05,0.36929633327686123
753,11,5,3,22.0,-2.0,14.0,4.00098e-05,0.35943245575716426
754,11,5,4,22.0,-2.0,18.0,4.00098e-05,0.36408822317633244
755,11,5,5,22.0,-2.0,22.0,4.00098e-05,0.3688585448133877
756,9,6,0,14.0,2.0,2.0,5.29901e-05,0.34633932170916826
757,9,6,1,14.0,2.0,6.0,5.29901e-05,0.3506830853624255
758,9,6,2,14.0,2.0,10.0,5.29901e-05,0.35513019869890133
759,9,7,0,14.0,6.0,2.0,5.29901e-05,0.3457995055596908
760,9,7,1,14.0,6.0,6.0,5.29901e-05,0.3501238856859358
761,9,7,2,14.0,6.0,10.0,5.29901e-05,0.35455067929793643
762,9,8,0,14.0,10.0,2.0,5.29901e-05,0.34516614292158776
763,9,8,1,14.0,10.0,6.0,5.29901e-05,0.34946782844553875
764,9,8,2,14.0,10.0,10.0,5.29901e-05,0.35387083427811206
765,10,6,0,18.0,2.0,2.0,5.29901e-05,0.3460239695895468
766,10,6,1,18.0,2.0,6.0,5.29901e-05,0.35035642081021545
767,10,6,2,18.0,2.0,10.0,5.29901e-05,0.35479167603062206
768,10,7,0,18.0,6.0,2.0,5.29901e-05,0.34547693688487835
769,10,7,1,18.0,6.0,6.0,5.29901e-05,0.3497897746232562
770,10,7,2,18.0,6.0,10.0,5.29901e-05,0.354204470849453
771,10,8,0,18.0,10.0,2.0,5.29901e-05,0.3448365847150496
772,10,8,1,18.0,10.0,6.0,5.29901e-05,0.3491265114367446
773,10,8,2,18.0,10.0,10.0,5.29901e-05,0.35351719513051943
774,11,6,0,22.0,2.0,2.0,5.29901e-05,0.3456528464720185
775,11,6,1,22.0,2.0,6.0,5.29901e-05,0.3499720099085716
776,11,6,2,22.0,2.0,10.0,5.29901e-05,0.35439333792838273
777,11,7,0,22.0,6.0,2.0,5.29901e-05,0.3450988653362048
778,11,7,1,22.0,6.0,6.0,5.29901e-05,0.3493982014011603
779,11,7,2,22.0,6.0,10.0,5.29901e-05,0.35379874838729447
780,11,8,0,22.0,10.0,2.0,5.29901e-05,0.34445182931428175
781,11,8,1,22.0,10.0,6.0,5.29901e-05,0.3487280562215249
782,11,8,2,22.0,10.0,10.0,5.29901e-05,0.3531043855161884
783,9,6,3,14.0,2.0,14.0,7.62789e-05,0.35968437008526716
784,9,6,4,14.0,2.0,18.0,7.62789e-05,0.3643494862181529
785,9,6,5,14.0,2.0,22.0,7.62789e-05,0.36912962289510015
786,9,7,3,14.0,6.0,14.0,7.62789e-05,0.3590835377419431
787,9,7,4,14.0,6.0,18.0,7.62789e-05,0.3637262864897577
788,9,7,5,14.0,6.0,22.0,7.62789e-05,0.36848293554489575
789,9,8,3,14.0,10.0,14.0,7.62789e-05,0.358378745402596
790,9,8,4,14.0,10.0,18.0,7.62789e-05,0.3629953160537726
791,9,8,5,14.0,10.0,22.0,7.62789e-05,0.3677244797029953
792,10,6,3,18.0,2.0,14.0,7.62789e-05,0.3593334104340557
793,10,6,4,18.0,2.0,18.0,7.62789e-05,0.3639854750916478
794,10,6,5,18.0,2.0,22.0,7.62789e-05,0.3687519075219162
795,10,7,3,18.0,6.0,14.0,7.62789e-05,0.3587246432924773
796,10,7,4,18.0,6.0,18.0,7.62789e-05,0.36335408134454916
797,10,7,5,18.0,6.0,22.0,7.62789e-05,0.3680967562552229
798,10,8,3,18.0,10.0,14.0,7.62789e-05,0.3580121868111891
799,10,8,4,18.0,10.0,18.0,7.62789e-05,0.362615204270519
800,10,8,5,18.0,10.0,22.0,7.62789e-05,0.36733014185053836
801,11,6,3,22.0,2.0,14.0,7.62789e-05,0.35892046694701696
802,11,6,4,22.0,2.0,18.0,7.62789e-05,0.3635572064250043
803,11,6,5,22.0,2.0,22.0,7.62789e-05,0.3683075491822106
804,11,7,3,22.0,6.0,14.0,7.62789e-05,0.35830408492127863
805,11,7,4,22.0,6.0,18.0,7.62789e-05,0.3629179584395679
806,11,7,5,22.0,6.0,22.0,7.62789e-05,0.3676442951379219
807,11,8,3,22.0,10.0,14.0,7.62789e-05,0.35758432887169916
808,11,8,4,22.0,10.0,18.0,7.62789e-05,0.3621715618837307
809,11,8,5,22.0,10.0,22.0,7.62789e-05,0.3668699336004668
810,9,9,0,14.0,14.0,2.0,0.00134472,0.3444402276339256
811,9,9,1,14.0,14.0,6.0,0.00134472,0.3487159671927176
812,9,9,2,14.0,14.0,10.0,0.00134472,0.35309178124497465
813,9,10,0,14.0,18.0,2.0,0.00134472,0.34362289800724455
814,9,10,1,14.0,18.0,6.0,0.00134472,0.34786950837033875
815,9,10,2,14.0,18.0,10.0,0.00134472,0.3522147997051414
816,9,11,0,14.0,22.0,2.0,0.00134472,0.3427154323233023
817,9,11,1,14.0,22.0,6.0,0.00134472,0.34692980643364824
818,9,11,2,14.0,22.0,10.0,0.00134472,0.35124132577171396
819,10,9,0,18.0,14.0,2.0,0.00134472,0.3441039108398495
820,10,9,1,18.0,14.0,6.0,0.00134472,0.34836768886910613
821,10,9,2,18.0,14.0,10.0,0.00134472,0.3527309706954829
822,10,10,0,18.0,18.0,2.0,0.00134472,0.3432800569002107
823,10,10,1,18.0,18.0,6.0,0.00134472,0.3475145167910856
824,10,10,2,18.0,18.0,10.0,0.00134472,0.35184708057458614
825,10,11,0,18.0,22.0,2.0,0.00134472,0.3423663039204608
826,10,11,1,18.0,22.0,6.0,0.00134472,0.3465683524498536
827,10,11,2,18.0,22.0,10.0,0.00134472,0.35086696371607895
828,11,9,0,22.0,14.0,2.0,0.00134472,0.34371273935410196
829,11,9,1,22.0,14.0,6.0,0.00134472,0.34796263526076116
830,11,9,2,22.0,14.0,10.0,0.00134472,0.35231137449096167
831,11,10,0,22.0,18.0,2.0,0.00134472,0.34288273960279225
832,11,10,1,22.0,18.0,6.0,0.00134472,0.3471031509241557
833,11,10,2,22.0,18.0,10.0,0.00134472,0.3514210008964128
834,11,11,0,22.0,22.0,2.0,0.00134472,0.3419631129156421
835,11,11,1,22.0,22.0,6.0,0.00134472,0.34615096226326136
836,11,11,2,22.0,22.0,10.0,0.00134472,0.3504347054450509
837,9,9,3,14.0,14.0,14.0,0.00171736,0.3575711794399429
838,9,9,4,14.0,14.0,18.0,0.00171736,0.36215783517119843
839,9,9,5,14.0,14.0,22.0,0.00171736,0.3668555950885673
840,9,10,3,14.0,18.0,14.0,0.00171736,0.3566621977753833
841,9,10,4,14.0,18.0,18.0,0.00171736,0.36121528598996505
842,9,10,5,14.0,18.0,22.0,0.00171736,0.3658778143942708
843,9,11,3,14.0,22.0,14.0,0.00171736,0.3556533241280548
844,9,11,4,14.0,22.0,18.0,0.00171736,0.36016928629240624
845,9,11,5,14.0,22.0,22.0,0.00171736,0.3647928564817209
846,10,9,3,18.0,14.0,14.0,0.00171736,0.35719723173062523
847,10,9,4,18.0,14.0,18.0,0.00171736,0.3617701086515963
848,10,9,5,18.0,14.0,22.0,0.00171736,0.36645340870233395
849,10,10,3,18.0,18.0,14.0,0.00171736,0.35628113958879115
850,10,10,4,18.0,18.0,18.0,0.00171736,0.3608202403414492
851,10,10,5,18.0,18.0,22.0,0.00171736,0.3654680932927157
852,10,11,3,18.0,22.0,14.0,0.00171736,0.3552654369755393
853,10,11,4,18.0,22.0,18.0,0.00171736,0.3597672200191696
854,10,11,5,18.0,22.0,22.0,0.00171736,0.36437591739473524
855,11,9,3,22.0,14.0,14.0,0.00171736,0.3567623929702788
856,11,9,4,22.0,14.0,18.0,0.00171736,0.3613192850428292
857,11,9,5,22.0,14.0,22.0,0.00171736,0.365985812532097
858,11,10,3,22.0,18.0,14.0,0.00171736,0.3558396413195074
859,11,10,4,22.0,18.0,18.0,0.00171736,0.36036257633274743
860,11,10,5,22.0,18.0,22.0,0.00171736,0.3649934709604103
861,11,11,3,22.0,22.0,14.0,0.00171736,0.35481760221760444
862,11,11,4,22.0,22.0,18.0,0.00171736,0.3593030580667069
863,11,11,5,22.0,22.0,22.0,0.00171736,0.36389463219685714
